directory_name,git_describe,git_current_tag,git_current_commit,github_url
os-dns-native@1.2.1,v1.2.1,v1.2.1,c82dcc3348c5152e69f9cb03f4c16159753e9909,https://github.com/mongodb-js/os-dns-native
kerberos@latest,v2.2.2-5-g9216743,,92167433da8d96d7b14fa8a87528c4c077aaf2dc,https://github.com/mongodb-js/kerberos
prismjs@1.6.0,v1.6.0,v1.6.0,22df673c472d52fbd1f9ab2656c7186fcbc47c0b,https://github.com/PrismJS/prism
@azure-msal-node@2.6.4,msal-angular-v3.0.13,msal-angular-v3.0.13,8c015976765555ebf63b236373058ca0c333e7c7,https://github.com/AzureAD/microsoft-authentication-library-for-js
@webassemblyjs-helper-buffer@1.7.6,v1.7.6,v1.7.6,4c7ceb48896fc23cdee62bd8f87d24c4b69c90c9,https://github.com/xtuc/webassemblyjs
react-is@latest,v19.1.0-262-gb07717d857,,b07717d857422af5fb1c2ee0930e5a2a62df2b0e,https://github.com/facebook/react
react-dom@16.13.1,v16.13.1,v16.13.1,da834083cccb6ef942f701c6b6cecc78213196a8,https://github.com/facebook/react
node-addon-api@8.3.0,v8.3.0,v8.3.0,398eec6b0b396fa5fae7d1a8bcac9f01758878ae,https://github.com/nodejs/node-addon-api
react@19.0.0,v19.0.0,v19.0.0,7aa5dda3b3e4c2baa905a59b922ae7ec14734b24,https://github.com/facebook/react
extract-file-icon@0.3.2,v0.3.0-7-gd09a9c4,,d09a9c4391963e9535bc3a1c18aeeb31dfab4a2f,https://github.com/sentialx/extract-file-icon
nan@2.18.0,v2.18.0,v2.18.0,e14bdcd1f72d62bca1d541b66da43130384ec213,https://github.com/nodejs/nan
sass.js@0.11.1,0.11.1,0.11.1,71d9bed2cad10969efda9905aa1bddacc480f372,https://github.com/medialize/sass.js
node-addon-api@1.7.2,1.7.2,1.7.2,74a09c7c4f24445aaca37948624c10dc2e771a1e,https://github.com/nodejs/node-addon-api
mongodb-client-encryption@latest,v6.4.0,v6.4.0,2361c7551761674b20cbe13851beaff10faeaca4,https://github.com/mongodb-js/mongodb-client-encryption
turbo-linux-ppc64le@latest,turbopack-240801.2-1005-gc0c234f090,,c0c234f090a66da463aad0651cac340ea077ff5b,https://github.com/vercel/turborepo
msgpackr-extract@2.2.0,v2.2.0,v2.2.0,91c6fcb29a94d8ce942bd7a82339ba13a34f3791,https://github.com/kriszyp/msgpackr-extract
@cspell-dict-elixir@4.0.7,@cspell/dict-cspell-bundle@2.0.4,@cspell/dict-cspell-bundle@2.0.4,8fa16dbdc0421ae65170dfc5fa9f465d9d0c66af,https://github.com/streetsidesoftware/cspell-dicts
node-gyp@7.1.2,v7.1.2,v7.1.2,19e0f3c6a0e0f6480b03d7843a82811f86dad6cd,https://github.com/nodejs/node-gyp
bcrypt@latest,v6.0.0-4-g86c2b66,,86c2b6644b67d544dbc7870924b852615c71dbcb,https://github.com/kelektiv/node.bcrypt.js
@microsoft-signalr@8.0.7,v8.0.7,v8.0.7,2f1db20456007c9515068a35a65afdf99af70bc6,https://github.com/dotnet/aspnetcore
@serialport-parser-slip-encoder@10.3.0,v10.3.0,v10.3.0,ceba41c8f89d911de210f2513aaae85fff3ab457,https://github.com/serialport/node-serialport
keytar@7.8.0,v7.8.0,v7.8.0,a1d5a2f7538f25ca7aa759bf801d414900da64a7,https://github.com/atom/node-keytar
@cspell-dict-terraform@1.1.1,@cspell/dict-cspell-bundle@2.0.4,@cspell/dict-cspell-bundle@2.0.4,8fa16dbdc0421ae65170dfc5fa9f465d9d0c66af,https://github.com/streetsidesoftware/cspell-dicts
scheduler@0.26.0,v19.1.0-262-gb07717d857,,b07717d857422af5fb1c2ee0930e5a2a62df2b0e,https://github.com/facebook/react
@msgpackr-extract-msgpackr-extract-win32-x64@latest,v3.0.3,v3.0.3,db8f5b97e7aaab0bcad95f10582915d417153689,
@webassemblyjs-leb128@1.11.1,v1.11.1,v1.11.1,3f07e2db2031afe0ce686630418c542938c1674b,https://github.com/xtuc/webassemblyjs
@webassemblyjs-wast-printer@latest,v1.14.1-1-gaf8e766c,,af8e766c26d36c34c3b84c975d3dea96dcf22197,https://github.com/xtuc/webassemblyjs
@cspell-dict-django@4.1.4,@cspell/dict-cspell-bundle@2.0.4,@cspell/dict-cspell-bundle@2.0.4,8fa16dbdc0421ae65170dfc5fa9f465d9d0c66af,https://github.com/streetsidesoftware/cspell-dicts
react-is@16.8.4,v16.8.4,v16.8.4,d8a73b5eb6c7217850103193635ff1b556925ed5,https://github.com/facebook/react
ssh2@0.8.9,v0.8.9,v0.8.9,632073fdef53988b71109ff49d80c61fd0e0a8bd,https://github.com/mscdex/ssh2
usb@2.14.0,v2.14.0,v2.14.0,6573b7cf9130a79b51e34f599e5ac92fbb9a0bae,https://github.com/node-usb/node-usb
cjs-module-lexer@1.2.3,1.2.3,1.2.3,4acffa9831ec8425df0d958f0c2e93daf9608802,https://github.com/nodejs/cjs-module-lexer
@azure-msal-browser@4.5.1,msal-browser-v4.5.1,msal-browser-v4.5.1,20674a197d20fb865888d7771f5edd2dc974e854,https://github.com/AzureAD/microsoft-authentication-library-for-js
@mapbox-node-pre-gyp@1.0.9,v1.0.9,v1.0.9,2d92dc838acb3409b68bec9f152bd130cebe8bbb,https://github.com/mapbox/node-pre-gyp
@react-native-babel-plugin-codegen@0.73.4,v0.73.4,v0.73.4,36a4a2450144228e8a3ccc63541428751a7e4555,
react-dom@16.14.0,0.14.10,0.14.10,4337c1c00609ec8d7ae399c736e9d37bb159fac5,https://github.com/facebook/react
@aws-amplify-predictions@5.5.14,@aws-amplify/adapter-nextjs@1.6.3-2-g936c0f79f,,936c0f79f061a14b239695f3aa2222d4fb9ac028,
napi-macros@2.0.0,v2.0.0,v2.0.0,64475122e128fc62faa4272bce7eb45fd2a2c372,https://github.com/mafintosh/napi-macros
node-addon-api@7.0.0,v7.0.0,v7.0.0,39a25bf27788ff7a7ea5c64978c4dcd1e7b9d80d,https://github.com/nodejs/node-addon-api
turbo-windows-64@latest,turbopack-240801.2-1005-gc0c234f090,,c0c234f090a66da463aad0651cac340ea077ff5b,https://github.com/vercel/turborepo
viz.js@2.1.2,v2.1.2,v2.1.2,77021dbe67744b653ae3a020f8ee2dc5df7c288a,https://github.com/mdaines/viz.js
@mongodb-js-mongodb-constants@0.11.1,@mongodb-js/mongodb-ts-autocomplete@0.2.2-3-ge7d6c70,,e7d6c706ec6b5c8aa51b86fc954570b5223960a0,
@emnapi-runtime@latest,v1.4.0-12-gff68a4d,,ff68a4d843df5548dfe42212144405e3d582734f,https://github.com/toyobayashi/emnapi
@parcel-watcher-win32-x64@latest,v2.5.1-1-g119f1ff,,119f1ff04bb41c2369929e37274900c61b0a9f49,https://github.com/parcel-bundler/watcher
@napi-rs-canvas-darwin-arm64@latest,skia-5b8860c3-4-g05627f3,,05627f34909bd82e227c18309edabe6c085020ca,
@azure-msal-node@1.0.0-beta.6,msal-angular-v4.0.12-13-g2a979a886,,2a979a886ff80b97e35e36fc8cd27eafdf3752ea,https://github.com/AzureAD/microsoft-authentication-library-for-js
printj@1.1.2,v1.1.2,v1.1.2,01a9c9ecdb06475d1467b0d3e49df85bed1f9dd7,https://github.com/SheetJS/printj
pyodide@0.24.1,0.24.1,0.24.1,bda1ba4edf6e4140952c5596e4af47521d21f7eb,https://github.com/pyodide/pyodide
xorshift@1.2.0,741f76a,,741f76a721d236963760f78e536a7a13d1403e88,https://github.com/AndreasMadsen/xorshift
hermes-estree@0.23.0,hermes-2025-05-06-RNv0.80.0-4eb6132a5bf0450bf4c6c91987675381d7ac8bca-19-g0760c58ac,,0760c58acf668f58eb909f7b8efa2b7fc2ff10d1,https://github.com/facebook/hermes
@parcel-watcher-win32-ia32@latest,v2.5.1-1-g119f1ff,,119f1ff04bb41c2369929e37274900c61b0a9f49,https://github.com/parcel-bundler/watcher
ssh2@0.6.1,v0.6.1,v0.6.1,1848bc0f4b3ce29af37fcd2dd7e87f9950cd7505,https://github.com/mscdex/ssh2
google-protobuf@3.21.4,v3.21.4,v3.21.4,5aee743b83ddf64aa40b0bdd44769111a0761118,https://github.com/protocolbuffers/protobuf-javascript
bare-os@2.4.4,v2.4.4,v2.4.4,22ee0297a422b22dac8a0cd21c965246aba77a9a,https://github.com/holepunchto/bare-os
react-devtools-core@5.3.1,v19.1.0-262-gb07717d857,,b07717d857422af5fb1c2ee0930e5a2a62df2b0e,https://github.com/facebook/react
@webassemblyjs-ast@1.14.1,v1.14.1,v1.14.1,25d52b1296e151ac56244a7c3886661e6b4a69ea,https://github.com/xtuc/webassemblyjs
hermes-parser@0.19.1,hermes-2025-05-06-RNv0.80.0-4eb6132a5bf0450bf4c6c91987675381d7ac8bca-19-g0760c58ac,,0760c58acf668f58eb909f7b8efa2b7fc2ff10d1,https://github.com/facebook/hermes
bufferutil@4.0.6,v4.0.6,v4.0.6,4376c3fbbcfc4c71e9aaebc47c4c3dfdd9c3e2fc,https://github.com/websockets/bufferutil
jscpd@latest,@jscpd/badge-reporter@4.0.1-86-ge8381ad,,e8381ad59d3b0b8d8699b3c3e63df8f5ba56161e,https://github.com/kucherenko/jscpd
expo@latest,8325a59be5,,8325a59be5e5ec94c11521311e08f4cef82c5670,https://github.com/expo/expo
@cspell-dict-en-common-misspellings@2.0.10,@cspell/dict-cspell-bundle@2.0.4,@cspell/dict-cspell-bundle@2.0.4,8fa16dbdc0421ae65170dfc5fa9f465d9d0c66af,https://github.com/streetsidesoftware/cspell-dicts
@webassemblyjs-wasm-edit@1.14.1,v1.14.1,v1.14.1,25d52b1296e151ac56244a7c3886661e6b4a69ea,https://github.com/xtuc/webassemblyjs
@serialport-stream@13.0.0,v13.0.0,v13.0.0,701ffd844f0950164da4dda4dca57e94891177a9,https://github.com/serialport/node-serialport
@serialport-parser-ready@13.0.0,v13.0.0,v13.0.0,701ffd844f0950164da4dda4dca57e94891177a9,https://github.com/serialport/node-serialport
@serialport-parser-inter-byte-timeout@13.0.0,v13.0.0,v13.0.0,701ffd844f0950164da4dda4dca57e94891177a9,https://github.com/serialport/node-serialport
create-react-class@latest,v19.1.0-263-g5717f1933f,,5717f1933f2e8b10406fde1043c3047cbfbddc82,https://github.com/facebook/react
@webassemblyjs-wasm-parser@1.7.6,v1.7.6,v1.7.6,4c7ceb48896fc23cdee62bd8f87d24c4b69c90c9,https://github.com/xtuc/webassemblyjs
zlib@latest,v1.0.5-1-gd5fad4d,,d5fad4d243182eabc9a404d1a4c13e55bf567f8f,https://github.com/kkaefer/node-zlib
@webassemblyjs-ieee754@1.7.6,v1.7.6,v1.7.6,4c7ceb48896fc23cdee62bd8f87d24c4b69c90c9,https://github.com/xtuc/webassemblyjs
ssh2@1.15.0,v1.15.0,v1.15.0,a56e70e68efd6a1c7e665c9a473eb68d25571a55,https://github.com/mscdex/ssh2
@azure-msal-common@14.14.0,msal-angular-v4.0.12-13-g2a979a886,,2a979a886ff80b97e35e36fc8cd27eafdf3752ea,https://github.com/AzureAD/microsoft-authentication-library-for-js
tree-sitter-ruby@0.19.0,v0.19.0,v0.19.0,fe6a2d634da0e16b11b5aa255cc3df568a4572fd,https://github.com/tree-sitter/tree-sitter-ruby
@serialport-parser-spacepacket@12.0.0,v12.0.0,v12.0.0,f7e7bd53f9578a26c4f44cc1949fef396dc064c7,https://github.com/serialport/node-serialport
react-refresh@0.14.0,v0.14.0,v0.14.0,3603d45157e6c1b21cda7ed96683408b319ae619,https://github.com/facebook/react
@azure-msal-common@14.7.1,msal-angular-v3.0.13,msal-angular-v3.0.13,8c015976765555ebf63b236373058ca0c333e7c7,https://github.com/AzureAD/microsoft-authentication-library-for-js
@cspell-dict-latex@4.0.3,@cspell/dict-cspell-bundle@2.0.4,@cspell/dict-cspell-bundle@2.0.4,8fa16dbdc0421ae65170dfc5fa9f465d9d0c66af,https://github.com/streetsidesoftware/cspell-dicts
apache-arrow@9.0.0,apache-arrow-9.0.0,apache-arrow-9.0.0,ea6875fd2a3ac66547a9a33c5506da94f3ff07f2,https://github.com/apache/arrow
@jscpd-tokenizer@3.3.24,v3.3.24,v3.3.24,0aef1488dcb429820d821d1e7ef90e5168ea92f6,https://github.com/kucherenko/jscpd
@serialport-parser-byte-length@10.3.0,v10.3.0,v10.3.0,ceba41c8f89d911de210f2513aaae85fff3ab457,https://github.com/serialport/node-serialport
turbo-windows-32@latest,turbopack-240801.2-1005-gc0c234f090,,c0c234f090a66da463aad0651cac340ea077ff5b,https://github.com/vercel/turborepo
@cspell-dict-google@1.0.8,@cspell/dict-cspell-bundle@2.0.4,@cspell/dict-cspell-bundle@2.0.4,8fa16dbdc0421ae65170dfc5fa9f465d9d0c66af,https://github.com/streetsidesoftware/cspell-dicts
@yarnpkg-parsers@latest,2025-04-11-9-g75534786e,,75534786e1a1456a92cdcfe2498c97dc786b6f0a,https://github.com/yarnpkg/berry
web-tree-sitter@0.24.6,v0.24.6,v0.24.6,21a517c423010811147b0b1aa1e7aedc39ce91aa,https://github.com/tree-sitter/tree-sitter
@webassemblyjs-helper-wasm-bytecode@1.11.1,v1.11.1,v1.11.1,3f07e2db2031afe0ce686630418c542938c1674b,https://github.com/xtuc/webassemblyjs
@parcel-watcher-linux-arm-glibc@latest,v2.5.1-1-g119f1ff,,119f1ff04bb41c2369929e37274900c61b0a9f49,https://github.com/parcel-bundler/watcher
@cspell-dict-lua@4.0.7,@cspell/dict-cspell-bundle@2.0.4,@cspell/dict-cspell-bundle@2.0.4,8fa16dbdc0421ae65170dfc5fa9f465d9d0c66af,https://github.com/streetsidesoftware/cspell-dicts
es-module-lexer@1.5.0,1.5.0,1.5.0,864ca9d5a803d2fb9f6415ca8ee626d73fef0c96,https://github.com/guybedford/es-module-lexer
sqlite3@latest,v5.1.7-3-g528e15a,,528e15ae605bac7aab8de60dd7c46e9fdc1fffd0,https://github.com/TryGhost/node-sqlite3
@azure-msal-node@3.5.3,msal-angular-v4.0.12,msal-angular-v4.0.12,36a9d5f1fe7bacbce393283483189b8fb0029a5d,https://github.com/AzureAD/microsoft-authentication-library-for-js
@webassemblyjs-helper-wasm-bytecode@1.11.6,v1.14.1-1-gaf8e766c,,af8e766c26d36c34c3b84c975d3dea96dcf22197,https://github.com/xtuc/webassemblyjs
react@18.2.0,v18.2.0,v18.2.0,9e3b772b8cabbd8cadc7522ebe3dde3279e79d9e,https://github.com/facebook/react
@azure-msal-common@14.15.0,msal-angular-v4.0.12-13-g2a979a886,,2a979a886ff80b97e35e36fc8cd27eafdf3752ea,https://github.com/AzureAD/microsoft-authentication-library-for-js
@cspell-dict-java@5.0.11,@cspell/dict-cspell-bundle@2.0.4,@cspell/dict-cspell-bundle@2.0.4,8fa16dbdc0421ae65170dfc5fa9f465d9d0c66af,https://github.com/streetsidesoftware/cspell-dicts
@cspell-dict-html@4.0.11,@cspell/dict-cspell-bundle@2.0.4,@cspell/dict-cspell-bundle@2.0.4,8fa16dbdc0421ae65170dfc5fa9f465d9d0c66af,https://github.com/streetsidesoftware/cspell-dicts
vscode-oniguruma@latest,v2.0.1-6-gf84e6ee,,f84e6ee8c5914366ce969346c489f7fb492d0b34,https://github.com/microsoft/vscode-oniguruma
prismjs@1.15.0,v1.15.0,v1.15.0,7d084d5f17fa40d3451d46cac605308382c9c499,https://github.com/PrismJS/prism
@grpc-proto-loader@0.7.13,@grpc/proto-loader@0.7.15-5-g21d40b02,,21d40b024776285586f6f365d1c037b1dc3b5dea,https://github.com/grpc/grpc-node
@cspell-cspell-resolver@8.19.3,v8.19.3,v8.19.3,cb6946b709da590d0c6175f9962799d18aa43e93,https://github.com/streetsidesoftware/cspell
@cspell-dict-ruby@5.0.8,@cspell/dict-cspell-bundle@2.0.4,@cspell/dict-cspell-bundle@2.0.4,8fa16dbdc0421ae65170dfc5fa9f465d9d0c66af,https://github.com/streetsidesoftware/cspell-dicts
@webassemblyjs-helper-wasm-bytecode@1.13.2,v1.13.2,v1.13.2,897aeb784f042a46a00626f1d1cca96159aa5db3,https://github.com/xtuc/webassemblyjs
@webassemblyjs-helper-api-error@1.7.6,v1.7.6,v1.7.6,4c7ceb48896fc23cdee62bd8f87d24c4b69c90c9,https://github.com/xtuc/webassemblyjs
@parcel-watcher-freebsd-x64@latest,v2.5.1-1-g119f1ff,,119f1ff04bb41c2369929e37274900c61b0a9f49,https://github.com/parcel-bundler/watcher
@webassemblyjs-wasm-gen@1.14.1,v1.14.1,v1.14.1,25d52b1296e151ac56244a7c3886661e6b4a69ea,https://github.com/xtuc/webassemblyjs
@webassemblyjs-helper-buffer@1.14.1,v1.14.1,v1.14.1,25d52b1296e151ac56244a7c3886661e6b4a69ea,https://github.com/xtuc/webassemblyjs
vscode-oniguruma@1.7.0,v1.7.0,v1.7.0,716aeaa229e4ae2e3b0057377b55743e9a3e995b,https://github.com/microsoft/vscode-oniguruma
flow-parser@0.160.2,v0.160.2,v0.160.2,08ba78b5fd7c1452431598ad829a2c103d6ee0e2,https://github.com/facebook/flow
bare-fs@2.3.1,v2.3.1,v2.3.1,9d8aa5cf29d7395050c9184ea7b7f4f124d245d3,https://github.com/holepunchto/bare-fs
@cspell-dict-vue@3.0.4,@cspell/dict-cspell-bundle@2.0.4,@cspell/dict-cspell-bundle@2.0.4,8fa16dbdc0421ae65170dfc5fa9f465d9d0c66af,https://github.com/streetsidesoftware/cspell-dicts
@emnapi-core@latest,v1.4.0-12-gff68a4d,,ff68a4d843df5548dfe42212144405e3d582734f,https://github.com/toyobayashi/emnapi
@webassemblyjs-helper-code-frame@latest,v1.14.1-1-gaf8e766c,,af8e766c26d36c34c3b84c975d3dea96dcf22197,https://github.com/xtuc/webassemblyjs
lerc@3.0.0,js_v4.0.4-19-gb98e72c,,b98e72c1601ca03b2923749a54d0e1ac54ac0e78,https://github.com/Esri/lerc
@webassemblyjs-floating-point-hex-parser@latest,v1.14.1-1-gaf8e766c,,af8e766c26d36c34c3b84c975d3dea96dcf22197,https://github.com/xtuc/webassemblyjs
printj@1.3.1,v1.2.2-7-g700ebdb,,700ebdb5247b6797e1300e6ffed83603fa131a0c,https://github.com/SheetJS/printj
@azure-msal-browser@4.11.0,msal-angular-v4.0.12-13-g2a979a886,,2a979a886ff80b97e35e36fc8cd27eafdf3752ea,https://github.com/AzureAD/microsoft-authentication-library-for-js
hermes-estree@0.22.0,hermes-2025-05-06-RNv0.80.0-4eb6132a5bf0450bf4c6c91987675381d7ac8bca-19-g0760c58ac,,0760c58acf668f58eb909f7b8efa2b7fc2ff10d1,https://github.com/facebook/hermes
brotli@1.3.2,v1.3.2,v1.3.2,40d0b9d4a2ede5c1b2d240641094e70a47882b0c,https://github.com/devongovett/brotli.js
serialport@12.0.0,v12.0.0,v12.0.0,f7e7bd53f9578a26c4f44cc1949fef396dc064c7,https://github.com/serialport/node-serialport
@webassemblyjs-wasm-parser@1.12.1,v1.12.1,v1.12.1,67c75cf2da65e5588b5e81c10b0d7692d174760b,https://github.com/xtuc/webassemblyjs
ssh2@0.4.15,v0.4.15,v0.4.15,ddbca489f2333247caa3dcc94e3d746034e755be,https://github.com/mscdex/ssh2
ssh2@0.5.5,v0.5.5,v0.5.5,ba5fd57f802deb37a550d54b6bc73355617d0462,https://github.com/mscdex/ssh2
@azure-msal-browser@3.9.0,msal-angular-v4.0.12-13-g2a979a886,,2a979a886ff80b97e35e36fc8cd27eafdf3752ea,https://github.com/AzureAD/microsoft-authentication-library-for-js
@webassemblyjs-wasm-opt@latest,v1.14.1-1-gaf8e766c,,af8e766c26d36c34c3b84c975d3dea96dcf22197,https://github.com/xtuc/webassemblyjs
es-module-lexer@1.2.1,1.2.1,1.2.1,992d35da712a7a37af165114a564775e412e90ed,https://github.com/guybedford/es-module-lexer
@webassemblyjs-wasm-opt@1.7.6,v1.7.6,v1.7.6,4c7ceb48896fc23cdee62bd8f87d24c4b69c90c9,https://github.com/xtuc/webassemblyjs
electron@32.3.3,v32.3.3,v32.3.3,b6bca84d71aaba3b50d7ed00b3e6565f3e31657f,https://github.com/electron/electron
@cspell-dict-css@4.0.17,@cspell/dict-cspell-bundle@2.0.4,@cspell/dict-cspell-bundle@2.0.4,8fa16dbdc0421ae65170dfc5fa9f465d9d0c66af,https://github.com/streetsidesoftware/cspell-dicts
nan@2.22.0,v2.22.0,v2.22.0,f5921c7eb97dacb926485d7084ed475963773d07,https://github.com/nodejs/nan
turbo-freebsd-arm64@latest,turbopack-240801.2-1005-gc0c234f090,,c0c234f090a66da463aad0651cac340ea077ff5b,https://github.com/vercel/turborepo
scheduler@0.23.2,v19.1.0-262-gb07717d857,,b07717d857422af5fb1c2ee0930e5a2a62df2b0e,https://github.com/facebook/react
@cspell-dict-dart@2.3.0,@cspell/dict-cspell-bundle@2.0.4,@cspell/dict-cspell-bundle@2.0.4,8fa16dbdc0421ae65170dfc5fa9f465d9d0c66af,https://github.com/streetsidesoftware/cspell-dicts
@azure-msal-common@15.2.0,msal-angular-v4.0.5,msal-angular-v4.0.5,5f4d76f4dc78d717755c7b2fea66d53830efffa5,https://github.com/AzureAD/microsoft-authentication-library-for-js
node-gyp@10.3.1,v10.3.1,v10.3.1,2852eae33e57ccbf808eeb33a685a50d7968cbe1,https://github.com/nodejs/node-gyp
@react-native-normalize-colors@0.73.2,v0.73.2,v0.73.2,d2ac5d6a55ab0cd3a32c6939b941b31f06ea32e8,
apache-arrow@11.0.0,apache-arrow-11.0.0,apache-arrow-11.0.0,f10f5cfd1376fb0e602334588b3f3624d41dee7d,https://github.com/apache/arrow
@msgpackr-extract-msgpackr-extract-darwin-arm64@latest,v3.0.3,v3.0.3,db8f5b97e7aaab0bcad95f10582915d417153689,
@cspell-cspell-types@8.19.3,v8.19.3,v8.19.3,cb6946b709da590d0c6175f9962799d18aa43e93,https://github.com/streetsidesoftware/cspell
@serialport-parser-readline@13.0.0,v13.0.0,v13.0.0,701ffd844f0950164da4dda4dca57e94891177a9,https://github.com/serialport/node-serialport
eslint-plugin-react-hooks@4.6.0,v19.1.0-263-g5717f1933f,,5717f1933f2e8b10406fde1043c3047cbfbddc82,https://github.com/facebook/react
react-dom@latest,v19.1.0-262-gb07717d857,,b07717d857422af5fb1c2ee0930e5a2a62df2b0e,https://github.com/facebook/react
hermes-parser@0.15.0,hermes-2025-05-06-RNv0.80.0-4eb6132a5bf0450bf4c6c91987675381d7ac8bca-19-g0760c58ac,,0760c58acf668f58eb909f7b8efa2b7fc2ff10d1,https://github.com/facebook/hermes
@webassemblyjs-helper-wasm-section@1.14.1,v1.14.1,v1.14.1,25d52b1296e151ac56244a7c3886661e6b4a69ea,https://github.com/xtuc/webassemblyjs
@serialport-bindings-cpp@10.7.0,v10.7.0,v10.7.0,dd3c72403b1cff5c3debc4512573fb39091491da,https://github.com/serialport/bindings-cpp
@aws-amplify-geo@2.3.13,@aws-amplify/adapter-nextjs@1.6.3-2-g936c0f79f,,936c0f79f061a14b239695f3aa2222d4fb9ac028,
@napi-rs-canvas-linux-x64-musl@0.1.65,v0.1.65,v0.1.65,e0e3269381b853fd6ae2993b9149acbbe9013eaa,
node-forge@1.3.1,v1.3.1,v1.3.1,a0a4a4264bedb3296974b9675349c9c190144aeb,https://github.com/digitalbazaar/forge
@webassemblyjs-ieee754@latest,v1.14.1-1-gaf8e766c,,af8e766c26d36c34c3b84c975d3dea96dcf22197,https://github.com/xtuc/webassemblyjs
@cspell-dict-csharp@4.0.6,@cspell/dict-cspell-bundle@2.0.4,@cspell/dict-cspell-bundle@2.0.4,8fa16dbdc0421ae65170dfc5fa9f465d9d0c66af,https://github.com/streetsidesoftware/cspell-dicts
@parcel-watcher-linux-x64-glibc@2.5.1,v2.5.1,v2.5.1,664695dbb2488d53f782c3e2b8791c4c114731fb,https://github.com/parcel-bundler/watcher
bser@latest,v2025.05.26.00-5-g2a61e8109,,2a61e8109ca9e74f4b663a8f0c64bb88bf69a9c6,https://github.com/facebook/watchman
@cspell-dict-ada@4.1.0,@cspell/dict-cspell-bundle@2.0.4,@cspell/dict-cspell-bundle@2.0.4,8fa16dbdc0421ae65170dfc5fa9f465d9d0c66af,https://github.com/streetsidesoftware/cspell-dicts
uuid@2.0.3,v2.0.2-4-gba16e8e,,ba16e8e87eb3968d3da3e2d27863e70479aba230,https://github.com/shtylman/node-uuid
@webassemblyjs-helper-api-error@latest,v1.14.1-1-gaf8e766c,,af8e766c26d36c34c3b84c975d3dea96dcf22197,https://github.com/xtuc/webassemblyjs
react-dom@16.8.4,v16.8.4,v16.8.4,d8a73b5eb6c7217850103193635ff1b556925ed5,https://github.com/facebook/react
keytar@7.9.0,v7.9.0,v7.9.0,5adb540f8557801c52254e969a6c7ed9ef4d16f0,https://github.com/atom/node-keytar
keccak@3.0.2,v3.0.2,v3.0.2,af2f2926dd629b2bd6fce7214881b9c3c1a1aed8,https://github.com/cryptocoinjs/keccak
esprima-fb@15001.1001.0-dev-harmony-fb,15001.1001.0-dev-harmony-fb,15001.1001.0-dev-harmony-fb,56e06e46f066383a97ce22732f0c9964ef82dc5a,https://github.com/facebook/esprima
@webassemblyjs-leb128@1.11.6,v1.14.1-1-gaf8e766c,,af8e766c26d36c34c3b84c975d3dea96dcf22197,https://github.com/xtuc/webassemblyjs
@vscode-windows-registry@1.1.0,v1.1.0,v1.1.0,f21abaecb9e1f7662713e11214f9287ad79a8043,https://github.com/Microsoft/vscode-windows-registry
flatbuffers@22.10.26,v22.10.26,v22.10.26,203241ed3275625c8a25c4a1e7b86e3c0289c488,https://github.com/google/flatbuffers
utf-8-validate@5.0.9,v5.0.9,v5.0.9,25e81d715e93477b089b7585b41d6bfcf36e279e,https://github.com/websockets/utf-8-validate
bare-buffer@latest,v3.1.4-2-gde51271,,de51271e050dc15c45eba0c3f9ec107ed420ab04,https://github.com/holepunchto/bare-buffer
@azure-msal-node@2.6.3,msal-angular-v4.0.12-13-g2a979a886,,2a979a886ff80b97e35e36fc8cd27eafdf3752ea,https://github.com/AzureAD/microsoft-authentication-library-for-js
bare-fs@4.0.1,v4.0.1,v4.0.1,e9b79ab74b2b1f2e40bd12191c7d62a9f1b6c0a1,https://github.com/holepunchto/bare-fs
cpu-features@0.0.9,v0.0.9,v0.0.9,4d8d634f1e7d5feedfaa271f6f36023c04720cd2,https://github.com/mscdex/cpu-features
glsl-resolve@0.0.1,v0.0.1,v0.0.1,2f94e44bf25c51a8bf1c0897b6cb159779ab0586,https://github.com/hughsk/glsl-resolve
@cspell-dict-gaming-terms@1.1.1,@cspell/dict-cspell-bundle@2.0.4,@cspell/dict-cspell-bundle@2.0.4,8fa16dbdc0421ae65170dfc5fa9f465d9d0c66af,https://github.com/streetsidesoftware/cspell-dicts
nan@2.19.0,v2.19.0,v2.19.0,56585a1cd21f25b4d56168063cedaf0831c63fef,https://github.com/nodejs/nan
@aws-amplify-analytics@6.5.13,@aws-amplify/adapter-nextjs@1.6.3-2-g936c0f79f,,936c0f79f061a14b239695f3aa2222d4fb9ac028,
cjs-module-lexer@latest,2.1.0,2.1.0,c79e9db8bb34699fd50ed8aaed1c0844b479d86d,https://github.com/nodejs/cjs-module-lexer
@webassemblyjs-leb128@1.13.2,v1.13.2,v1.13.2,897aeb784f042a46a00626f1d1cca96159aa5db3,https://github.com/xtuc/webassemblyjs
react@19.1.0,v19.1.0,v19.1.0,4a9df08157f001c01b078d259748512211233dcf,https://github.com/facebook/react
utf-8-validate@5.0.3,v5.0.3,v5.0.3,de8c3eb15ca904fe38e6d0cb0cefcec84c3640fd,https://github.com/websockets/utf-8-validate
antlr4-c3@3.4.1,v3.4.1,v3.4.1,602dcb2da411e3ad07fa63dc14f2150c8d3d71dd,https://github.com/mike-lischke/antlr4-c3
@serialport-parser-cctalk@10.3.0,v10.3.0,v10.3.0,ceba41c8f89d911de210f2513aaae85fff3ab457,https://github.com/serialport/node-serialport
node-gyp@9.4.0,v9.4.0,v9.4.0,33391db3a0008eff8408890da6ab232f2f90fcab,https://github.com/nodejs/node-gyp
@azure-msal-common@15.5.1,msal-angular-v4.0.12-13-g2a979a886,,2a979a886ff80b97e35e36fc8cd27eafdf3752ea,https://github.com/AzureAD/microsoft-authentication-library-for-js
node-addon-api@3.2.1,3.2.1,3.2.1,a0c0492f7ceee6a35de9b272ba2231824a61beca,https://github.com/nodejs/node-addon-api
react@16.8.4,v16.8.4,v16.8.4,d8a73b5eb6c7217850103193635ff1b556925ed5,https://github.com/facebook/react
@cspell-dict-fsharp@1.1.0,@cspell/dict-cspell-bundle@2.0.4,@cspell/dict-cspell-bundle@2.0.4,8fa16dbdc0421ae65170dfc5fa9f465d9d0c66af,https://github.com/streetsidesoftware/cspell-dicts
@serialport-parser-spacepacket@13.0.0,v13.0.0,v13.0.0,701ffd844f0950164da4dda4dca57e94891177a9,https://github.com/serialport/node-serialport
@react-native-codegen@0.73.3,v0.73.3,v0.73.3,53061d7b85a98f442f1b652488f9e150563d3c96,
mongodb-query-parser@4.3.2,@mongodb-js/devtools-connect@3.7.2,@mongodb-js/devtools-connect@3.7.2,7c6900dcf68dd9c55e3f527c9b005c60f62c9d8b,https://github.com/mongodb-js/devtools-shared
@cspell-dict-rust@4.0.11,@cspell/dict-cspell-bundle@2.0.4,@cspell/dict-cspell-bundle@2.0.4,8fa16dbdc0421ae65170dfc5fa9f465d9d0c66af,https://github.com/streetsidesoftware/cspell-dicts
@jscpd-tokenizer@latest,@jscpd/badge-reporter@4.0.1-86-ge8381ad,,e8381ad59d3b0b8d8699b3c3e63df8f5ba56161e,https://github.com/kucherenko/jscpd
tree-sitter-typescript@0.20.5,v0.20.5,v0.20.5,7db8390a16a2cae317f4f4423a7b642cd4cad8c9,https://github.com/tree-sitter/tree-sitter-typescript
@aws-amplify-core@5.8.13,@aws-amplify/adapter-nextjs@1.6.3-2-g936c0f79f,,936c0f79f061a14b239695f3aa2222d4fb9ac028,
@react-native-gradle-plugin@0.75.0,v0.75.0,v0.75.0,89cdc14c8bcccb8506cee82056dca6febb1a7281,
antlr4@4.11.0,v4.11.0,v4.11.0,d23f010a3642a650076caea5a03b586cba37d7a0,https://github.com/antlr/antlr4
node-addon-api@1.7.1,1.7.1,1.7.1,5a7f8b2c7daae0ed898c198e13e56332169b3571,https://github.com/nodejs/node-addon-api
@azure-msal-node@2.7.0,msal-angular-v4.0.12-13-g2a979a886,,2a979a886ff80b97e35e36fc8cd27eafdf3752ea,https://github.com/AzureAD/microsoft-authentication-library-for-js
scheduler@0.19.1,v19.1.0-262-gb07717d857,,b07717d857422af5fb1c2ee0930e5a2a62df2b0e,https://github.com/facebook/react
node-addon-api@latest,v8.3.1-7-g1e57a0a,,1e57a0ae82786c320c784ec6b67f357c85733132,https://github.com/nodejs/node-addon-api
bare-fs@4.1.2,v4.1.2,v4.1.2,6d07709dcb46bf149898f33b4b69cda80975cf5e,https://github.com/holepunchto/bare-fs
bser@2.0.0,v2025.05.26.00-5-g2a61e8109,,2a61e8109ca9e74f4b663a8f0c64bb88bf69a9c6,https://github.com/facebook/watchman
utf-8-validate@5.0.7,v5.0.7,v5.0.7,c3a9e8a6dc9dfd968834a524c76dd9ad43a3bb5c,https://github.com/websockets/utf-8-validate
@webassemblyjs-wasm-edit@latest,v1.14.1-1-gaf8e766c,,af8e766c26d36c34c3b84c975d3dea96dcf22197,https://github.com/xtuc/webassemblyjs
@serialport-parser-ready@12.0.0,v12.0.0,v12.0.0,f7e7bd53f9578a26c4f44cc1949fef396dc064c7,https://github.com/serialport/node-serialport
@serialport-stream@12.0.0,v12.0.0,v12.0.0,f7e7bd53f9578a26c4f44cc1949fef396dc064c7,https://github.com/serialport/node-serialport
cpu-features@0.0.7,v0.0.7,v0.0.7,9e228df95b21ca4f844215cbe48eff07ca1ed3c0,https://github.com/mscdex/cpu-features
@serialport-parser-inter-byte-timeout@12.0.0,v12.0.0,v12.0.0,f7e7bd53f9578a26c4f44cc1949fef396dc064c7,https://github.com/serialport/node-serialport
react-dom@19.1.0,v19.1.0,v19.1.0,4a9df08157f001c01b078d259748512211233dcf,https://github.com/facebook/react
@azure-msal-common@14.9.0,msal-angular-v4.0.12-13-g2a979a886,,2a979a886ff80b97e35e36fc8cd27eafdf3752ea,https://github.com/AzureAD/microsoft-authentication-library-for-js
@cspell-dict-companies@3.1.15,@cspell/dict-cspell-bundle@2.0.4,@cspell/dict-cspell-bundle@2.0.4,8fa16dbdc0421ae65170dfc5fa9f465d9d0c66af,https://github.com/streetsidesoftware/cspell-dicts
@react-native-normalize-colors@0.75.0,v0.75.0,v0.75.0,89cdc14c8bcccb8506cee82056dca6febb1a7281,
adal-node@0.2.4,v0.2.4,v0.2.4,e9ed1408464c38d0cf6ccd8fb0ca85965c5218b8,https://github.com/AzureAD/microsoft-authentication-library-for-js
node-gyp@3.8.0,v3.8.0,v3.8.0,9a404d6d36dcf9c7be2ae9963019c4d89bbb9155,https://github.com/nodejs/node-gyp
@msgpackr-extract-msgpackr-extract-linux-x64@2.2.0,v2.2.0,v2.2.0,91c6fcb29a94d8ce942bd7a82339ba13a34f3791,
node-gyp@5.1.0,v5.1.0,v5.1.0,fe8a1ff7773c19c958424fda5efd6fb2e2cc01dc,https://github.com/nodejs/node-gyp
tree-sitter-c-sharp@0.20.0,v0.20.0,v0.20.0,7a47daeaf0d410dd1a91c97b274bb7276dd96605,https://github.com/tree-sitter/tree-sitter-c-sharp
antlr4@4.13.1-patch-1,4.13.2-28-g09d527fdd,,09d527fddd8dcd3733d7275cf3436a1a9e1e12db,https://github.com/antlr/antlr4
flow-parser@0.45.0,v0.45.0,v0.45.0,42c5df66157d0eafd1385980667180c8fb94a2fa,https://github.com/facebook/flow
react-is@16.12.0,v16.12.0,v16.12.0,b53ea6ca05d2ccb9950b40b33f74dfee0421d872,https://github.com/facebook/react
mongodb-log-writer@2.4.1,@mongodb-js/devtools-connect@3.7.2,@mongodb-js/devtools-connect@3.7.2,7c6900dcf68dd9c55e3f527c9b005c60f62c9d8b,https://github.com/mongodb-js/devtools-shared
@parcel-watcher-linux-arm64-glibc@latest,v2.5.1-1-g119f1ff,,119f1ff04bb41c2369929e37274900c61b0a9f49,https://github.com/parcel-bundler/watcher
react-is@19.0.0,v19.0.0,v19.0.0,7aa5dda3b3e4c2baa905a59b922ae7ec14734b24,https://github.com/facebook/react
bufferutil@latest,v4.0.9-3-gbce9eb7,,bce9eb751360682efc1963802d372f07d32360e5,https://github.com/websockets/bufferutil
react@latest,v19.1.0-262-gb07717d857,,b07717d857422af5fb1c2ee0930e5a2a62df2b0e,https://github.com/facebook/react
mongodb-client-encryption@6.3.0,v6.3.0,v6.3.0,03a46458b6638c6ce64c2137f459643c617b3ec2,https://github.com/mongodb-js/mongodb-client-encryption
@webassemblyjs-ast@latest,v1.14.1-1-gaf8e766c,,af8e766c26d36c34c3b84c975d3dea96dcf22197,https://github.com/xtuc/webassemblyjs
flow-parser@0.243.0,v0.243.0,v0.243.0,98198a1111202f2dc777e1b9819460cc1f0969b8,https://github.com/facebook/flow
nan@2.20.0,v2.20.0,v2.20.0,4d1d74e0a9ea8fa8091b88e45dc57e4c7eb9cdf7,https://github.com/nodejs/nan
bare-os@3.6.0,v3.6.0,v3.6.0,b326657150a7fe0b09f5205916e5ee74ed44f5e0,https://github.com/holepunchto/bare-os
@webassemblyjs-utf8@1.11.1,v1.11.1,v1.11.1,3f07e2db2031afe0ce686630418c542938c1674b,https://github.com/xtuc/webassemblyjs
@jscpd-core@latest,@jscpd/badge-reporter@4.0.1-86-ge8381ad,,e8381ad59d3b0b8d8699b3c3e63df8f5ba56161e,https://github.com/kucherenko/jscpd
@grpc-proto-loader@0.6.4,@grpc/proto-loader@0.6.4,@grpc/proto-loader@0.6.4,9f43411d2cd1d0aa63c65388bdc71d728c2749e6,https://github.com/grpc/grpc-node
bufferutil@4.0.5,v4.0.5,v4.0.5,3923cf1534a9def734f2ded9d46fb095c73e8e16,https://github.com/websockets/bufferutil
@parcel-watcher-linux-x64-glibc@latest,v2.5.1-1-g119f1ff,,119f1ff04bb41c2369929e37274900c61b0a9f49,https://github.com/parcel-bundler/watcher
@jscpd-finder@latest,@jscpd/badge-reporter@4.0.1-86-ge8381ad,,e8381ad59d3b0b8d8699b3c3e63df8f5ba56161e,https://github.com/kucherenko/jscpd
keytar@latest,v7.9.0-8-gdeae59a,,deae59a488789f2cd4a8dba6c7e58665795804fe,https://github.com/atom/node-keytar
react-reconciler@0.27.0,v19.1.0-263-g5717f1933f,,5717f1933f2e8b10406fde1043c3047cbfbddc82,https://github.com/facebook/react
@cspell-dict-html-symbol-entities@4.0.3,@cspell/dict-cspell-bundle@2.0.4,@cspell/dict-cspell-bundle@2.0.4,8fa16dbdc0421ae65170dfc5fa9f465d9d0c66af,https://github.com/streetsidesoftware/cspell-dicts
@fluentui-react-icons@2.0.279,1.1.301-1-g7dd479a44b,,7dd479a44b549a5d1eda4143459827c8cd20f838,https://github.com/microsoft/fluentui-system-icons
@nornagon-put@0.0.8,e356025,,e3560259f20cbb815802fce64e7d7ae6bafb0a3d,https://github.com/nornagon/node-put
@napi-rs-canvas-darwin-x64@latest,skia-5b8860c3-4-g05627f3,,05627f34909bd82e227c18309edabe6c085020ca,
@react-native-metro-babel-transformer@0.73.15,v0.54.0-rc.2-24195-ga4c20070689,,a4c20070689ee137891a9f6f8ecc92d0f56b13ef,
@napi-rs-canvas-linux-riscv64-gnu@latest,skia-5b8860c3-4-g05627f3,,05627f34909bd82e227c18309edabe6c085020ca,
utf-8-validate@6.0.5,v6.0.5,v6.0.5,4a9a05728641674620818c6a78b01fce38e6f222,https://github.com/websockets/utf-8-validate
@webassemblyjs-wasm-gen@1.7.6,v1.7.6,v1.7.6,4c7ceb48896fc23cdee62bd8f87d24c4b69c90c9,https://github.com/xtuc/webassemblyjs
@webassemblyjs-wast-printer@1.14.1,v1.14.1,v1.14.1,25d52b1296e151ac56244a7c3886661e6b4a69ea,https://github.com/xtuc/webassemblyjs
@aws-amplify-datastore@4.7.13,@aws-amplify/adapter-nextjs@1.6.3-2-g936c0f79f,,936c0f79f061a14b239695f3aa2222d4fb9ac028,
@cspell-dict-fullstack@3.2.6,@cspell/dict-cspell-bundle@2.0.4,@cspell/dict-cspell-bundle@2.0.4,8fa16dbdc0421ae65170dfc5fa9f465d9d0c66af,https://github.com/streetsidesoftware/cspell-dicts
@cspell-dict-haskell@4.0.5,@cspell/dict-cspell-bundle@2.0.4,@cspell/dict-cspell-bundle@2.0.4,8fa16dbdc0421ae65170dfc5fa9f465d9d0c66af,https://github.com/streetsidesoftware/cspell-dicts
pkcs11js@1.3.1,v1.3.1,v1.3.1,e30a91fcc53661c8d93a7a55a0a472ba261b1b63,https://github.com/PeculiarVentures/pkcs11js
@cspell-dict-en_us@4.4.3,@cspell/dict-cspell-bundle@2.0.4,@cspell/dict-cspell-bundle@2.0.4,8fa16dbdc0421ae65170dfc5fa9f465d9d0c66af,https://github.com/streetsidesoftware/cspell-dicts
@azure-msal-node@2.9.2,msal-angular-v3.0.20,msal-angular-v3.0.20,1b0fc2023be87c0eb2af7e6c52152eea289b9089,https://github.com/AzureAD/microsoft-authentication-library-for-js
dom-to-image-more@2.12.0,v2.12.0,v2.12.0,e73953133942e66aebca41f5554b7516be2bed07,https://github.com/1904labs/dom-to-image-more
@cspell-filetypes@8.19.3,v8.19.3,v8.19.3,cb6946b709da590d0c6175f9962799d18aa43e93,https://github.com/streetsidesoftware/cspell
@azure-msal-node@1.14.6,msal-angular-v4.0.12-13-g2a979a886,,2a979a886ff80b97e35e36fc8cd27eafdf3752ea,https://github.com/AzureAD/microsoft-authentication-library-for-js
node-addon-api@2.0.2,2.0.2,2.0.2,7582fafebb7d92570fafc4cf0939f538b629c06f,https://github.com/nodejs/node-addon-api
es-module-lexer@1.5.4,1.5.4,1.5.4,d70de9b010a7664a4b52859834f1fe3064e12c1c,https://github.com/guybedford/es-module-lexer
react-dom@18.2.0,v18.2.0,v18.2.0,9e3b772b8cabbd8cadc7522ebe3dde3279e79d9e,https://github.com/facebook/react
node-gyp@3.6.2,v3.6.2,v3.6.2,b5b52f7bffb55064a623e2478252a8939259cf3f,https://github.com/nodejs/node-gyp
bare-fs@2.3.5,v2.3.5,v2.3.5,e0d012033423c28869bfa355576c22355218b9b3,https://github.com/holepunchto/bare-fs
flatgeobuf@3.24.1,3.24.1,3.24.1,e6ee0ecb9b9131900cbf8bee55864acf9dbf6ea6,https://github.com/flatgeobuf/flatgeobuf
turbo-linux-mips64le@latest,turbopack-240801.2-1005-gc0c234f090,,c0c234f090a66da463aad0651cac340ea077ff5b,https://github.com/vercel/turborepo
ssh2@1.16.0,v1.16.0,v1.16.0,08c5dd884b7bba75f779e2455c25820c1b352691,https://github.com/mscdex/ssh2
react@18.0.0,v18.0.0,v18.0.0,34aa5cfe0d9b6ec4667e02bf46ab34d83dfb2d6d,https://github.com/facebook/react
applicationinsights-native-metrics@latest,v0.0.11-2-gd149327,,d149327c9fecaa1a117e9a3ee3b62b4dc3e75270,https://github.com/Microsoft/ApplicationInsights-node.js-native-metrics
es-module-lexer@1.7.0,1.7.0,1.7.0,dceaab846b11fbd77b39056088a734d9f774b070,https://github.com/guybedford/es-module-lexer
@react-native-virtualized-lists@0.75.0,v0.75.0,v0.75.0,89cdc14c8bcccb8506cee82056dca6febb1a7281,
evp_bytestokey@latest,v1.0.3-3-g5873f85,,5873f85f8512e8997b0621196302f30e02d97b44,https://github.com/crypto-browserify/EVP_BytesToKey
@react-native-debugger-frontend@0.75.0,v0.75.0,v0.75.0,89cdc14c8bcccb8506cee82056dca6febb1a7281,
dtrace-provider@0.8.8,v0.8.8,v0.8.8,e9d860eaf553b489bd897e15bd0153f38b8e73a8,https://github.com/chrisa/node-dtrace-provider
@cspell-dict-public-licenses@2.0.13,@cspell/dict-cspell-bundle@2.0.4,@cspell/dict-cspell-bundle@2.0.4,8fa16dbdc0421ae65170dfc5fa9f465d9d0c66af,https://github.com/streetsidesoftware/cspell-dicts
expo-file-system@latest,8325a59be5,,8325a59be5e5ec94c11521311e08f4cef82c5670,https://github.com/expo/expo
es-module-lexer@1.6.0,1.6.0,1.6.0,35221ed37903ab44e74a11426f160648781862ac,https://github.com/guybedford/es-module-lexer
@grpc-proto-loader@0.7.10,@grpc/proto-loader@0.7.10,@grpc/proto-loader@0.7.10,ddb8de2992ada457beba86b75b39a8a0cb6b0ec6,https://github.com/grpc/grpc-node
adal-node@latest,msal-angular-v4.0.12-13-g2a979a886,,2a979a886ff80b97e35e36fc8cd27eafdf3752ea,https://github.com/AzureAD/microsoft-authentication-library-for-js
@azure-msal-common@14.16.0,msal-angular-v4.0.12-13-g2a979a886,,2a979a886ff80b97e35e36fc8cd27eafdf3752ea,https://github.com/AzureAD/microsoft-authentication-library-for-js
@react-native-community-cli-plugin@0.73.17,v0.54.0-rc.2-24195-ga4c20070689,,a4c20070689ee137891a9f6f8ecc92d0f56b13ef,
@cspell-dict-bash@4.2.0,@cspell/dict-cspell-bundle@2.0.4,@cspell/dict-cspell-bundle@2.0.4,8fa16dbdc0421ae65170dfc5fa9f465d9d0c66af,https://github.com/streetsidesoftware/cspell-dicts
react-native-url-polyfill@1.3.0,v1.3.0,v1.3.0,582fd7de9b5545a08f3405e26ac66fdd9018abf9,https://github.com/charpeni/react-native-url-polyfill
antlr4-c3@latest,v3.4.3-1-ge542df5,,e542df587a05c6880d4ccf9b414cf764be0b975b,https://github.com/mike-lischke/antlr4-c3
turbo-linux-32@latest,turbopack-240801.2-1005-gc0c234f090,,c0c234f090a66da463aad0651cac340ea077ff5b,https://github.com/vercel/turborepo
react-native@0.75.0,v0.75.0,v0.75.0,89cdc14c8bcccb8506cee82056dca6febb1a7281,https://github.com/facebook/react-native
@cspell-dict-golang@6.0.20,@cspell/dict-cspell-bundle@2.0.4,@cspell/dict-cspell-bundle@2.0.4,8fa16dbdc0421ae65170dfc5fa9f465d9d0c66af,https://github.com/streetsidesoftware/cspell-dicts
playwright@latest,v0.13.0-13065-g14dfb291e,,14dfb291eeea37c0ca9ed51eb7517e6dd9f9ef88,https://github.com/Microsoft/playwright
@cspell-dict-scala@5.0.7,@cspell/dict-cspell-bundle@2.0.4,@cspell/dict-cspell-bundle@2.0.4,8fa16dbdc0421ae65170dfc5fa9f465d9d0c66af,https://github.com/streetsidesoftware/cspell-dicts
sharp@0.32.1,v0.32.1,v0.32.1,dea319daf6bd8c63c5ca5eaf150df442575c203c,https://github.com/lovell/sharp
@webassemblyjs-ast@1.7.6,v1.7.6,v1.7.6,4c7ceb48896fc23cdee62bd8f87d24c4b69c90c9,https://github.com/xtuc/webassemblyjs
serialport@10.4.0,v10.4.0,v10.4.0,7cbfd0a009b632914f1f4e79697239f0fdaf1578,https://github.com/serialport/node-serialport
@playwright-browser-chromium@latest,v0.13.0-13065-g14dfb291e,,14dfb291eeea37c0ca9ed51eb7517e6dd9f9ef88,https://github.com/microsoft/playwright
react-native@0.73.6,v0.73.6,v0.73.6,0384caad3458f7658e68653a0ab62fd6cc3e4483,https://github.com/facebook/react-native
react-is@18.2.0,v18.2.0,v18.2.0,9e3b772b8cabbd8cadc7522ebe3dde3279e79d9e,https://github.com/facebook/react
@parcel-watcher-linux-arm64-musl@latest,v2.5.1-1-g119f1ff,,119f1ff04bb41c2369929e37274900c61b0a9f49,https://github.com/parcel-bundler/watcher
@webassemblyjs-helper-wasm-section@latest,v1.14.1-1-gaf8e766c,,af8e766c26d36c34c3b84c975d3dea96dcf22197,https://github.com/xtuc/webassemblyjs
@webassemblyjs-utf8@1.13.2,v1.13.2,v1.13.2,897aeb784f042a46a00626f1d1cca96159aa5db3,https://github.com/xtuc/webassemblyjs
@azure-msal-browser@4.12.0,msal-angular-v4.0.12,msal-angular-v4.0.12,36a9d5f1fe7bacbce393283483189b8fb0029a5d,https://github.com/AzureAD/microsoft-authentication-library-for-js
flatbuffers@2.0.4,v25.2.10-3-g5822c1c8,,5822c1c8ddc69bf54ee659603c4d7754eb609b4c,https://github.com/google/flatbuffers
mongodb-redact@1.1.6,@mongodb-js/devtools-connect@3.7.2,@mongodb-js/devtools-connect@3.7.2,7c6900dcf68dd9c55e3f527c9b005c60f62c9d8b,https://github.com/mongodb-js/devtools-shared
@serialport-parser-delimiter@10.3.0,v10.3.0,v10.3.0,ceba41c8f89d911de210f2513aaae85fff3ab457,https://github.com/serialport/node-serialport
@cspell-dynamic-import@8.19.3,v8.19.3,v8.19.3,cb6946b709da590d0c6175f9962799d18aa43e93,https://github.com/streetsidesoftware/cspell
@webassemblyjs-utf8@1.11.6,v1.14.1-1-gaf8e766c,,af8e766c26d36c34c3b84c975d3dea96dcf22197,https://github.com/xtuc/webassemblyjs
@emnapi-wasi-threads@latest,v1.4.0-12-gff68a4d,,ff68a4d843df5548dfe42212144405e3d582734f,https://github.com/toyobayashi/emnapi
bufferutil@4.0.2,v4.0.2,v4.0.2,0e7d979038d020b997df653e3f974c93ba85f645,https://github.com/websockets/bufferutil
scheduler@0.13.6,v19.1.0-263-g5717f1933f,,5717f1933f2e8b10406fde1043c3047cbfbddc82,https://github.com/facebook/react
macos-export-certificate-and-key@latest,v1.2.4,v1.2.4,1639fa589e973dd312403e434d2877bca12b0211,https://github.com/mongodb-js/macos-export-certificate-and-key
@webassemblyjs-wasm-parser@1.11.1,v1.11.1,v1.11.1,3f07e2db2031afe0ce686630418c542938c1674b,https://github.com/xtuc/webassemblyjs
@serialport-bindings-cpp@13.0.0,v13.0.0,v13.0.0,5f5a0fb9aa4ae30057fe936442929e33128b1d33,https://github.com/serialport/bindings-cpp
bare-os@2.4.0,v2.4.0,v2.4.0,50b27d2f98fc72e6071d8e848704deb863f9d74f,https://github.com/holepunchto/bare-os
aws-crt@latest,v1.27.0-2-g559b3c9,,559b3c90339f7c2117ad7ccf13439840c1079d04,https://github.com/awslabs/aws-crt-nodejs
@serialport-parser-readline@12.0.0,v12.0.0,v12.0.0,f7e7bd53f9578a26c4f44cc1949fef396dc064c7,https://github.com/serialport/node-serialport
bufferutil@4.0.8,v4.0.8,v4.0.8,9047e45073bf93e495ed100361d270d4062867d8,https://github.com/websockets/bufferutil
serialport@13.0.0,v13.0.0,v13.0.0,701ffd844f0950164da4dda4dca57e94891177a9,https://github.com/serialport/node-serialport
scheduler@0.20.2,v19.1.0-262-gb07717d857,,b07717d857422af5fb1c2ee0930e5a2a62df2b0e,https://github.com/facebook/react
gethue@latest,20250130-121242-148-g2d547872c8,,2d547872c826a6ca3e33db89c931c1e26ca12ebe,https://github.com/cloudera/hue
node-gyp@10.0.1,v10.0.1,v10.0.1,da19158e7a02c574d4f6d3d367ee264cb08d47ec,https://github.com/nodejs/node-gyp
node-forge@latest,v1.3.1-1-g2bb97af,,2bb97afb5058285ef09bcf1d04d6bd6b87cffd58,https://github.com/digitalbazaar/forge
@napi-rs-canvas-android-arm64@latest,skia-5b8860c3-4-g05627f3,,05627f34909bd82e227c18309edabe6c085020ca,
onigasm@2.2.5,v2.2.5,v2.2.5,82c56c383334b0c502e805d8940e4b745b67eda2,https://github.com/NeekSandhu/onigasm
@serialport-parser-packet-length@10.3.0,v10.3.0,v10.3.0,ceba41c8f89d911de210f2513aaae85fff3ab457,https://github.com/serialport/node-serialport
@parcel-watcher-linux-x64-musl@latest,v2.5.1-1-g119f1ff,,119f1ff04bb41c2369929e37274900c61b0a9f49,https://github.com/parcel-bundler/watcher
node-addon-api@6.1.0,v6.1.0,v6.1.0,0e34f228399b7ef7b2223e8320d8260e6a707e03,https://github.com/nodejs/node-addon-api
@webassemblyjs-wasm-opt@1.14.1,v1.14.1,v1.14.1,25d52b1296e151ac56244a7c3886661e6b4a69ea,https://github.com/xtuc/webassemblyjs
vscode-ws-jsonrpc@1.0.2,mlce-2025.5.2-1-gc5f770b,,c5f770be6d99466199f04d18f00256f7a5bcdb06,https://github.com/TypeFox/monaco-languageclient
@cspell-dict-markdown@2.0.10,@cspell/dict-cspell-bundle@2.0.4,@cspell/dict-cspell-bundle@2.0.4,8fa16dbdc0421ae65170dfc5fa9f465d9d0c66af,https://github.com/streetsidesoftware/cspell-dicts
@cspell-dict-r@2.1.0,@cspell/dict-cspell-bundle@2.0.4,@cspell/dict-cspell-bundle@2.0.4,8fa16dbdc0421ae65170dfc5fa9f465d9d0c66af,https://github.com/streetsidesoftware/cspell-dicts
tree-sitter-php@0.20.0,v0.20.0,v0.20.0,0a99deca13c4af1fb9adcb03c958bfc9f4c740a9,https://github.com/tree-sitter/tree-sitter-php
@azure-msal-node@2.14.0,msal-angular-v4.0.12-13-g2a979a886,,2a979a886ff80b97e35e36fc8cd27eafdf3752ea,https://github.com/AzureAD/microsoft-authentication-library-for-js
@jscpd-html-reporter@3.3.26,v3.3.26,v3.3.26,f7fcedcd93b38c066f75ee239cb706f726b16652,https://github.com/kucherenko/jscpd
@parcel-watcher-android-arm64@latest,v2.5.1-1-g119f1ff,,119f1ff04bb41c2369929e37274900c61b0a9f49,https://github.com/parcel-bundler/watcher
@cspell-dict-shell@1.1.0,@cspell/dict-cspell-bundle@2.0.4,@cspell/dict-cspell-bundle@2.0.4,8fa16dbdc0421ae65170dfc5fa9f465d9d0c66af,https://github.com/streetsidesoftware/cspell-dicts
@cspell-dict-node@5.0.7,@cspell/dict-cspell-bundle@2.0.4,@cspell/dict-cspell-bundle@2.0.4,8fa16dbdc0421ae65170dfc5fa9f465d9d0c66af,https://github.com/streetsidesoftware/cspell-dicts
react-is@16.13.0,v16.13.0,v16.13.0,c1c5499cc3fd179004911b3391a55de1af4de037,https://github.com/facebook/react
@parcel-watcher-win32-arm64@latest,v2.5.1-1-g119f1ff,,119f1ff04bb41c2369929e37274900c61b0a9f49,https://github.com/parcel-bundler/watcher
lerc@2.0.0,js_v4.0.4-19-gb98e72c,,b98e72c1601ca03b2923749a54d0e1ac54ac0e78,https://github.com/Esri/lerc
@serialport-parser-delimiter@11.0.0,v11.0.0,v11.0.0,6a8202cd947c87ac70c9f3c84d60fe4b5f5d70a9,https://github.com/serialport/node-serialport
fb-watchman@2.0.0,v2025.05.26.00-5-g2a61e8109,,2a61e8109ca9e74f4b663a8f0c64bb88bf69a9c6,https://github.com/facebook/watchman
@mongodb-js-saslprep@1.1.9,@mongodb-js/mongodb-ts-autocomplete@0.2.2-3-ge7d6c70,,e7d6c706ec6b5c8aa51b86fc954570b5223960a0,
flow-parser@0.156.0,v0.156.0,v0.156.0,d56d77713f7c551dd46b5ccbd59b038d6308d798,https://github.com/facebook/flow
turbo-linux-arm64@latest,turbopack-240801.2-1005-gc0c234f090,,c0c234f090a66da463aad0651cac340ea077ff5b,https://github.com/vercel/turborepo
@serialport-parser-regex@10.3.0,v10.3.0,v10.3.0,ceba41c8f89d911de210f2513aaae85fff3ab457,https://github.com/serialport/node-serialport
@azure-msal-browser@3.24.0,msal-angular-v4.0.12-13-g2a979a886,,2a979a886ff80b97e35e36fc8cd27eafdf3752ea,https://github.com/AzureAD/microsoft-authentication-library-for-js
cspell-trie-lib@8.19.3,v8.19.3,v8.19.3,cb6946b709da590d0c6175f9962799d18aa43e93,https://github.com/streetsidesoftware/cspell
@azure-msal-common@15.5.2,msal-angular-v4.0.12-13-g2a979a886,,2a979a886ff80b97e35e36fc8cd27eafdf3752ea,https://github.com/AzureAD/microsoft-authentication-library-for-js
@cspell-dict-fonts@4.0.4,@cspell/dict-cspell-bundle@2.0.4,@cspell/dict-cspell-bundle@2.0.4,8fa16dbdc0421ae65170dfc5fa9f465d9d0c66af,https://github.com/streetsidesoftware/cspell-dicts
use-sync-external-store@1.2.0,v19.1.0-262-gb07717d857,,b07717d857422af5fb1c2ee0930e5a2a62df2b0e,https://github.com/facebook/react
cjs-module-lexer@1.4.1,1.4.3,1.4.3,b9f2c204961b02bbfee603c196f9db05df960d14,https://github.com/nodejs/cjs-module-lexer
@napi-rs-canvas-win32-x64-msvc@latest,skia-5b8860c3-4-g05627f3,,05627f34909bd82e227c18309edabe6c085020ca,
@webassemblyjs-wasm-gen@latest,v1.14.1-1-gaf8e766c,,af8e766c26d36c34c3b84c975d3dea96dcf22197,https://github.com/xtuc/webassemblyjs
@webassemblyjs-helper-buffer@latest,v1.14.1-1-gaf8e766c,,af8e766c26d36c34c3b84c975d3dea96dcf22197,https://github.com/xtuc/webassemblyjs
adal-node@0.2.3,v0.2.3,v0.2.3,8c303e8e112473b1d27112a806d2280dd5dd3ea4,https://github.com/AzureAD/microsoft-authentication-library-for-js
@cspell-dict-cspell-bundle@1.0.47,@cspell/dict-cspell-bundle@2.0.4,@cspell/dict-cspell-bundle@2.0.4,8fa16dbdc0421ae65170dfc5fa9f465d9d0c66af,https://github.com/streetsidesoftware/cspell-dicts
bare-fs@4.0.2,v4.0.2,v4.0.2,261b1c596f428610e8d275dec3bb4089430ac9cf,https://github.com/holepunchto/bare-fs
prismjs@1.27.0,v1.27.0,v1.27.0,703881e14bf7530b180fad6052e535d0085315cd,https://github.com/PrismJS/prism
node-addon-api@8.1.0,v8.3.1-7-g1e57a0a,,1e57a0ae82786c320c784ec6b67f357c85733132,https://github.com/nodejs/node-addon-api
@hpcc-js-wasm@1.16.1,v1.16.1,v1.16.1,da7b526b1b74509f3f460455da4b82465b2b10dd,
@react-native-normalize-color@2.1.0,v0.54.0-rc.2-24192-g56c1ab3253b,,56c1ab3253be9046a8e6b17ed9ecb0614d5922dd,
@mongodb-js-devtools-connect@3.7.2,@mongodb-js/mongodb-ts-autocomplete@0.2.2-3-ge7d6c70,,e7d6c706ec6b5c8aa51b86fc954570b5223960a0,
@serialport-parser-regex@12.0.0,v12.0.0,v12.0.0,f7e7bd53f9578a26c4f44cc1949fef396dc064c7,https://github.com/serialport/node-serialport
@webassemblyjs-helper-wasm-bytecode@latest,v1.14.1-1-gaf8e766c,,af8e766c26d36c34c3b84c975d3dea96dcf22197,https://github.com/xtuc/webassemblyjs
react-dom@17.0.2,v17.0.2,v17.0.2,12adaffef7105e2714f82651ea51936c563fe15c,https://github.com/facebook/react
@azure-msal-common@15.2.1,msal-angular-v4.0.12-13-g2a979a886,,2a979a886ff80b97e35e36fc8cd27eafdf3752ea,https://github.com/AzureAD/microsoft-authentication-library-for-js
@serialport-bindings-cpp@12.0.1,v12.0.1,v12.0.1,ed3df6ab7bae06c304745d427989a5dd59ad4d58,https://github.com/serialport/bindings-cpp
utf-8-validate@5.0.10,v5.0.10,v5.0.10,f7d38c38022545b1bd12b7b24839927124cde76d,https://github.com/websockets/utf-8-validate
native-is-elevated@latest,v0.7.0,v0.7.0,0523549d6a0813cfdbb22fbb61e61db1de114ea4,https://github.com/arkon/native-is-elevated
fb-watchman@2.0.2,v2025.05.26.00-4-g690dd889f,,690dd889feb0e270c120c13c2ff3ef2cee84563a,https://github.com/facebook/watchman
@aws-amplify-rtn-push-notification@1.1.14,@aws-amplify/adapter-nextjs@1.6.3-2-g936c0f79f,,936c0f79f061a14b239695f3aa2222d4fb9ac028,
node-gyp@latest,v11.2.0-2-g7d883b5,,7d883b5cf4c26e76065201f85b0be36d5ebdcc0e,https://github.com/nodejs/node-gyp
@react-native-community-cli-plugin@0.75.0,v0.75.0,v0.75.0,89cdc14c8bcccb8506cee82056dca6febb1a7281,
@mongodb-js-devtools-proxy-support@0.4.4,@mongodb-js/mongodb-ts-autocomplete@0.2.2-3-ge7d6c70,,e7d6c706ec6b5c8aa51b86fc954570b5223960a0,
@azure-msal-browser@3.20.0,msal-angular-v4.0.12-13-g2a979a886,,2a979a886ff80b97e35e36fc8cd27eafdf3752ea,https://github.com/AzureAD/microsoft-authentication-library-for-js
@react-native-codegen@0.75.0,v0.75.0,v0.75.0,89cdc14c8bcccb8506cee82056dca6febb1a7281,
@tybys-wasm-util@latest,d938399,,d9383999f6095329c94f875e16934d50cf7ad1c4,https://github.com/toyobayashi/wasm-util
win-export-certificate-and-key@latest,v2.1.0,v2.1.0,51324e498ad4c2a6176f95a018ce18b75428fc49,https://github.com/mongodb-js/win-export-certificate-and-key
@cspell-dict-git@3.0.4,@cspell/dict-cspell-bundle@2.0.4,@cspell/dict-cspell-bundle@2.0.4,8fa16dbdc0421ae65170dfc5fa9f465d9d0c66af,https://github.com/streetsidesoftware/cspell-dicts
@cspell-cspell-json-reporter@8.19.3,v8.19.3,v8.19.3,cb6946b709da590d0c6175f9962799d18aa43e93,https://github.com/streetsidesoftware/cspell
@mongodb-js-saslprep@1.2.2,@mongodb-js/mongodb-ts-autocomplete@0.2.2-3-ge7d6c70,,e7d6c706ec6b5c8aa51b86fc954570b5223960a0,
apl-viewhost-web@2024.2.0,v2024.2.0,v2024.2.0,553c152229565edc5adccdbaf24649c1657d563c,https://github.com/alexa/apl-viewhost-web
draco3dgltf@1.5.7,1.5.7,1.5.7,8786740086a9f4d83f44aa83badfbea4dce7a1b5,https://github.com/google/draco
@cspell-dict-julia@1.1.0,@cspell/dict-cspell-bundle@2.0.4,@cspell/dict-cspell-bundle@2.0.4,8fa16dbdc0421ae65170dfc5fa9f465d9d0c66af,https://github.com/streetsidesoftware/cspell-dicts
@msgpackr-extract-msgpackr-extract-linux-arm64@latest,v3.0.3,v3.0.3,db8f5b97e7aaab0bcad95f10582915d417153689,
@azure-msal-node@2.10.0,msal-angular-v4.0.12-13-g2a979a886,,2a979a886ff80b97e35e36fc8cd27eafdf3752ea,https://github.com/AzureAD/microsoft-authentication-library-for-js
@cspell-dict-typescript@3.2.1,@cspell/dict-cspell-bundle@2.0.4,@cspell/dict-cspell-bundle@2.0.4,8fa16dbdc0421ae65170dfc5fa9f465d9d0c66af,https://github.com/streetsidesoftware/cspell-dicts
@cspell-dict-data-science@2.0.8,@cspell/dict-cspell-bundle@2.0.4,@cspell/dict-cspell-bundle@2.0.4,8fa16dbdc0421ae65170dfc5fa9f465d9d0c66af,https://github.com/streetsidesoftware/cspell-dicts
playwright-core@latest,v0.13.0-13065-g14dfb291e,,14dfb291eeea37c0ca9ed51eb7517e6dd9f9ef88,https://github.com/microsoft/playwright
@cspell-dict-php@4.0.14,@cspell/dict-cspell-bundle@2.0.4,@cspell/dict-cspell-bundle@2.0.4,8fa16dbdc0421ae65170dfc5fa9f465d9d0c66af,https://github.com/streetsidesoftware/cspell-dicts
@webassemblyjs-floating-point-hex-parser@1.11.6,v1.14.1-1-gaf8e766c,,af8e766c26d36c34c3b84c975d3dea96dcf22197,https://github.com/xtuc/webassemblyjs
flow-parser@0.40.0,v0.40.0,v0.40.0,1d7072c46e5274040be5908da4f842bee7b716b2,https://github.com/facebook/flow
@cspell-cspell-bundled-dicts@8.19.3,v8.19.3,v8.19.3,cb6946b709da590d0c6175f9962799d18aa43e93,https://github.com/streetsidesoftware/cspell
@webassemblyjs-helper-wasm-bytecode@1.7.6,v1.7.6,v1.7.6,4c7ceb48896fc23cdee62bd8f87d24c4b69c90c9,https://github.com/xtuc/webassemblyjs
@serialport-parser-packet-length@12.0.0,v12.0.0,v12.0.0,f7e7bd53f9578a26c4f44cc1949fef396dc064c7,https://github.com/serialport/node-serialport
@serialport-parser-readline@11.0.0,v11.0.0,v11.0.0,6a8202cd947c87ac70c9f3c84d60fe4b5f5d70a9,https://github.com/serialport/node-serialport
@webassemblyjs-floating-point-hex-parser@1.13.2,v1.13.2,v1.13.2,897aeb784f042a46a00626f1d1cca96159aa5db3,https://github.com/xtuc/webassemblyjs
node-addon-api@8.2.1,v8.2.1,v8.2.1,49652bd698a1285a857c3d8a675c31c4c016dd30,https://github.com/nodejs/node-addon-api
abstract-socket@2.1.1,v2.1.1,v2.1.1,b2c915ffb80ebfcc39fe9b87e92305523568b935,https://github.com/saghul/node-abstractsocket
cpu-features@0.0.8,v0.0.8,v0.0.8,d2d599f2fe57e2501d852d7fb28f7f38129c208b,https://github.com/mscdex/cpu-features
cjs-module-lexer@1.4.3,1.4.3,1.4.3,b9f2c204961b02bbfee603c196f9db05df960d14,https://github.com/nodejs/cjs-module-lexer
@webassemblyjs-helper-api-error@1.13.2,v1.13.2,v1.13.2,897aeb784f042a46a00626f1d1cca96159aa5db3,https://github.com/xtuc/webassemblyjs
@webassemblyjs-ieee754@1.13.2,v1.13.2,v1.13.2,897aeb784f042a46a00626f1d1cca96159aa5db3,https://github.com/xtuc/webassemblyjs
create-react-class@15.6.2,v15.6.2,v15.6.2,ffbc2db0e7860ee1a96511578235dec7eaccc8d3,https://github.com/facebook/react
react-refresh@latest,v19.1.0-262-gb07717d857,,b07717d857422af5fb1c2ee0930e5a2a62df2b0e,https://github.com/facebook/react
cspell-glob@8.19.3,v8.19.3,v8.19.3,cb6946b709da590d0c6175f9962799d18aa43e93,https://github.com/streetsidesoftware/cspell
@serialport-parser-delimiter@12.0.0,v12.0.0,v12.0.0,f7e7bd53f9578a26c4f44cc1949fef396dc064c7,https://github.com/serialport/node-serialport
@azure-msal-node@3.5.2,msal-angular-v4.0.12-13-g2a979a886,,2a979a886ff80b97e35e36fc8cd27eafdf3752ea,https://github.com/AzureAD/microsoft-authentication-library-for-js
@webassemblyjs-ast@1.12.1,v1.12.1,v1.12.1,67c75cf2da65e5588b5e81c10b0d7692d174760b,https://github.com/xtuc/webassemblyjs
amazon-cognito-identity-js@6.3.13,@aws-amplify/interactions@5.2.18,@aws-amplify/interactions@5.2.18,488cc30d5f141c2448ec3fe1982f2723bfffcdc5,https://github.com/aws-amplify/amplify-js
@react-native-assets-registry@0.75.0,v0.75.0,v0.75.0,89cdc14c8bcccb8506cee82056dca6febb1a7281,
cspell-config-lib@8.19.3,v8.19.3,v8.19.3,cb6946b709da590d0c6175f9962799d18aa43e93,https://github.com/streetsidesoftware/cspell
react-reconciler@0.20.4,v19.1.0-263-g5717f1933f,,5717f1933f2e8b10406fde1043c3047cbfbddc82,https://github.com/facebook/react
@webassemblyjs-ieee754@1.11.6,v1.14.1-1-gaf8e766c,,af8e766c26d36c34c3b84c975d3dea96dcf22197,https://github.com/xtuc/webassemblyjs
@webassemblyjs-helper-api-error@1.11.6,v1.14.1-1-gaf8e766c,,af8e766c26d36c34c3b84c975d3dea96dcf22197,https://github.com/xtuc/webassemblyjs
vscode-fsevents@latest,v2.3.3,v2.3.3,2db891e51aa0f2975c5eaaf6aa30f13d720a830a,https://github.com/strongloop/fsevents
prismjs@1.29.0,v1.29.0,v1.29.0,59e5a3471377057de1f401ba38337aca27b80e03,https://github.com/PrismJS/prism
hermes-estree@0.19.1,hermes-2025-05-06-RNv0.80.0-4eb6132a5bf0450bf4c6c91987675381d7ac8bca-19-g0760c58ac,,0760c58acf668f58eb909f7b8efa2b7fc2ff10d1,https://github.com/facebook/hermes
cpu-features@latest,v0.0.10-3-g2faca57,,2faca5705cddb7ac388ad2d5e2242b7a7d427f3c,https://github.com/mscdex/cpu-features
@serialport-parser-readline@10.3.0,v10.3.0,v10.3.0,ceba41c8f89d911de210f2513aaae85fff3ab457,https://github.com/serialport/node-serialport
@cspell-dict-swift@2.0.5,@cspell/dict-cspell-bundle@2.0.4,@cspell/dict-cspell-bundle@2.0.4,8fa16dbdc0421ae65170dfc5fa9f465d9d0c66af,https://github.com/streetsidesoftware/cspell-dicts
cspell-lib@8.19.3,v8.19.3,v8.19.3,cb6946b709da590d0c6175f9962799d18aa43e93,https://github.com/streetsidesoftware/cspell
@webassemblyjs-wast-printer@1.11.1,v1.11.1,v1.11.1,3f07e2db2031afe0ce686630418c542938c1674b,https://github.com/xtuc/webassemblyjs
@cspell-dict-python@4.2.17,@cspell/dict-cspell-bundle@2.0.4,@cspell/dict-cspell-bundle@2.0.4,8fa16dbdc0421ae65170dfc5fa9f465d9d0c66af,https://github.com/streetsidesoftware/cspell-dicts
node-addon-api@5.1.0,v5.1.0,v5.1.0,34221c1fe69bbbe4762a6a3bede80456327dd3c2,https://github.com/nodejs/node-addon-api
@azure-msal-common@4.5.1,msal-angular-v4.0.12-13-g2a979a886,,2a979a886ff80b97e35e36fc8cd27eafdf3752ea,https://github.com/AzureAD/microsoft-authentication-library-for-js
hermes-parser@0.23.0,hermes-2025-05-06-RNv0.80.0-4eb6132a5bf0450bf4c6c91987675381d7ac8bca-19-g0760c58ac,,0760c58acf668f58eb909f7b8efa2b7fc2ff10d1,https://github.com/facebook/hermes
@azure-msal-browser@4.11.1,msal-angular-v4.0.12-13-g2a979a886,,2a979a886ff80b97e35e36fc8cd27eafdf3752ea,https://github.com/AzureAD/microsoft-authentication-library-for-js
scheduler@0.13.4,v19.1.0-263-g5717f1933f,,5717f1933f2e8b10406fde1043c3047cbfbddc82,https://github.com/facebook/react
@webassemblyjs-helper-numbers@1.11.1,v1.11.1,v1.11.1,3f07e2db2031afe0ce686630418c542938c1674b,https://github.com/xtuc/webassemblyjs
web-tree-sitter@0.20.2,v0.20.2,v0.20.2,4ee52ee99e63f32e7307705e4cbb85c28aacb412,https://github.com/tree-sitter/tree-sitter
@cspell-dict-flutter@1.1.0,@cspell/dict-cspell-bundle@2.0.4,@cspell/dict-cspell-bundle@2.0.4,8fa16dbdc0421ae65170dfc5fa9f465d9d0c66af,https://github.com/streetsidesoftware/cspell-dicts
brotli@1.3.3,v1.3.3,v1.3.3,e36051345f6d27a56e5f39ea70d2f789b8574046,https://github.com/devongovett/brotli.js
better-sqlite3@8.2.0,v8.2.0,v8.2.0,37b7714ace3792a9122ec7e67ceda5a28b1d00a3,https://github.com/WiseLibs/better-sqlite3
react-native@latest,v0.54.0-rc.2-24192-g56c1ab3253b,,56c1ab3253be9046a8e6b17ed9ecb0614d5922dd,https://github.com/facebook/react-native
@webassemblyjs-leb128@latest,v1.14.1-1-gaf8e766c,,af8e766c26d36c34c3b84c975d3dea96dcf22197,https://github.com/xtuc/webassemblyjs
react-reconciler@0.26.2,v19.1.0-263-g5717f1933f,,5717f1933f2e8b10406fde1043c3047cbfbddc82,https://github.com/facebook/react
@fluentui-react-icons@2.0.298,1.1.301-1-g7dd479a44b,,7dd479a44b549a5d1eda4143459827c8cd20f838,https://github.com/microsoft/fluentui-system-icons
cspell-dictionary@8.19.3,v8.19.3,v8.19.3,cb6946b709da590d0c6175f9962799d18aa43e93,https://github.com/streetsidesoftware/cspell
nan@2.13.1,v2.13.1,v2.13.1,19f08c2394b19a5dbe854020fed0446606d68955,https://github.com/nodejs/nan
@serialport-parser-cctalk@13.0.0,v13.0.0,v13.0.0,701ffd844f0950164da4dda4dca57e94891177a9,https://github.com/serialport/node-serialport
@react-native-debugger-frontend@0.73.3,v0.73.3,v0.73.3,53061d7b85a98f442f1b652488f9e150563d3c96,
@webassemblyjs-wasm-edit@1.12.1,v1.12.1,v1.12.1,67c75cf2da65e5588b5e81c10b0d7692d174760b,https://github.com/xtuc/webassemblyjs
@react-native-metro-babel-transformer@0.75.0,v0.75.0,v0.75.0,89cdc14c8bcccb8506cee82056dca6febb1a7281,
@azure-msal-browser@4.9.1,msal-angular-v4.0.12-13-g2a979a886,,2a979a886ff80b97e35e36fc8cd27eafdf3752ea,https://github.com/AzureAD/microsoft-authentication-library-for-js
web-tree-sitter@0.20.8,v0.20.8,v0.20.8,0c49d6745b3fc4822ab02e0018770cd6383a779c,https://github.com/tree-sitter/tree-sitter
node-addon-api@7.1.1,v7.1.1,v7.1.1,5e96a5460f2538a06f87e592d6aa349a7f08b04a,https://github.com/nodejs/node-addon-api
@azure-msal-node@3.2.3,msal-angular-v4.0.5,msal-angular-v4.0.5,5f4d76f4dc78d717755c7b2fea66d53830efffa5,https://github.com/AzureAD/microsoft-authentication-library-for-js
@cucumber-messages@24.1.0,go/v24.1.0,go/v24.1.0,7fdd9ce3387993aaaa41ff8cf1940707e98cfb30,https://github.com/cucumber/messages
ssh2@0.5.4,v0.5.4,v0.5.4,18859cc50e03c2e12738a323470c3e5ddd6b66f5,https://github.com/mscdex/ssh2
@react-native-dev-middleware@0.75.0,v0.75.0,v0.75.0,89cdc14c8bcccb8506cee82056dca6febb1a7281,
ref-napi@3.0.2,v3.0.2,v3.0.2,b5f574f3a754ed4d1b5b2d178a198795b71f0b1d,https://github.com/node-ffi-napi/ref-napi
web-tree-sitter@0.22.6,v0.22.6,v0.22.6,b40f342067a89cd6331bf4c27407588320f3c263,https://github.com/tree-sitter/tree-sitter
bare-fs@latest,v4.1.5-1-g7f02214,,7f02214c57d2fb59d46c26ca1446959750724daa,https://github.com/holepunchto/bare-fs
@azure-msal-common@14.12.0,msal-angular-v3.0.20,msal-angular-v3.0.20,1b0fc2023be87c0eb2af7e6c52152eea289b9089,https://github.com/AzureAD/microsoft-authentication-library-for-js
ssh2@1.13.0,v1.13.0,v1.13.0,281c290fc706ed3c2215f5e80a90a2e2498368f3,https://github.com/mscdex/ssh2
@cspell-dict-software-terms@5.0.5,@cspell/dict-cspell-bundle@2.0.4,@cspell/dict-cspell-bundle@2.0.4,8fa16dbdc0421ae65170dfc5fa9f465d9d0c66af,https://github.com/streetsidesoftware/cspell-dicts
node-gyp@11.0.0,v11.0.0,v11.0.0,bf9168ef3d6a65ff834f4f8715e0a3f6a1914205,https://github.com/nodejs/node-gyp
@cspell-dict-al@1.1.0,@cspell/dict-cspell-bundle@2.0.4,@cspell/dict-cspell-bundle@2.0.4,8fa16dbdc0421ae65170dfc5fa9f465d9d0c66af,https://github.com/streetsidesoftware/cspell-dicts
tweetnacl@0.14.5,v0.14.5,v0.14.5,cce829e473b1ae299a9373b5140c713ee88f577f,https://github.com/dchest/tweetnacl-js
viz.js@1.8.2,v1.8.2,v1.8.2,31bcba42368ebdb971a49153b53f8c8f6071dd23,https://github.com/mdaines/viz.js
flow-enums-runtime@0.0.6,v0.250.0-821-gfeb6073c8b,,feb6073c8b198a7d7d15b41292edd3cf8f7953ff,https://github.com/facebook/flow
expo-modules-autolinking@0.8.1,e6eceeff83,,e6eceeff83abbf6d6f31d15fd9c5c9e9417ef74d,https://github.com/expo/expo
@react-native-babel-preset@0.75.0,v0.75.0,v0.75.0,89cdc14c8bcccb8506cee82056dca6febb1a7281,
@vscode-spdlog@latest,v0.15.1-4-g94a4455,,94a445526edb2dda7999813d394da695a855951e,https://github.com/microsoft/node-spdlog
@aws-amplify-api-rest@3.5.13,@aws-amplify/adapter-nextjs@1.6.3-2-g936c0f79f,,936c0f79f061a14b239695f3aa2222d4fb9ac028,
@azure-msal-common@14.13.0,msal-angular-v4.0.12-13-g2a979a886,,2a979a886ff80b97e35e36fc8cd27eafdf3752ea,https://github.com/AzureAD/microsoft-authentication-library-for-js
@webassemblyjs-helper-numbers@1.13.2,v1.13.2,v1.13.2,897aeb784f042a46a00626f1d1cca96159aa5db3,https://github.com/xtuc/webassemblyjs
leveldown@6.1.0,v6.1.0,v6.1.0,496f0b1b0fb4a4b76400b03fb592bb2c53e07c1e,https://github.com/Level/leveldown
@napi-rs-canvas-linux-arm64-gnu@latest,skia-5b8860c3-4-g05627f3,,05627f34909bd82e227c18309edabe6c085020ca,
@cspell-strong-weak-map@8.19.3,v8.19.3,v8.19.3,cb6946b709da590d0c6175f9962799d18aa43e93,https://github.com/streetsidesoftware/cspell
@azure-msal-browser@3.10.0,msal-angular-v3.0.13,msal-angular-v3.0.13,8c015976765555ebf63b236373058ca0c333e7c7,https://github.com/AzureAD/microsoft-authentication-library-for-js
@serialport-parser-slip-encoder@13.0.0,v13.0.0,v13.0.0,701ffd844f0950164da4dda4dca57e94891177a9,https://github.com/serialport/node-serialport
win-ca@3.5.1,v3.5.0-23-gdcbfafa,,dcbfafa746f6924ba4445bec6aac8d61bf22225f,https://github.com/ukoloff/win-ca
@react-native-async-storage-async-storage@latest,@react-native-async-storage/async-storage@2.1.2-5-g40c36cd,,40c36cd761122fc06c991848383ce767eade0ba5,
dom-to-image-more@2.16.0,v2.16.0,v2.16.0,534c72ccd9968e38b7dccc13a5c5ef516e422b82,https://github.com/1904labs/dom-to-image-more
@webassemblyjs-wast-parser@1.7.6,v1.7.6,v1.7.6,4c7ceb48896fc23cdee62bd8f87d24c4b69c90c9,https://github.com/xtuc/webassemblyjs
@webassemblyjs-helper-numbers@1.11.6,v1.14.1-1-gaf8e766c,,af8e766c26d36c34c3b84c975d3dea96dcf22197,https://github.com/xtuc/webassemblyjs
bufferutil@4.0.7,v4.0.7,v4.0.7,b90f4d22a8a67e1609a10bb8cd01b3e7b13e5cb5,https://github.com/websockets/bufferutil
vscode-textmate@9.0.0,v9.2.0-1-gf03a6a8,,f03a6a8790af81372d0e81facae75554ec5e97ef,https://github.com/microsoft/vscode-textmate
@webassemblyjs-wasm-gen@1.12.1,v1.12.1,v1.12.1,67c75cf2da65e5588b5e81c10b0d7692d174760b,https://github.com/xtuc/webassemblyjs
@webassemblyjs-helper-buffer@1.12.1,v1.12.1,v1.12.1,67c75cf2da65e5588b5e81c10b0d7692d174760b,https://github.com/xtuc/webassemblyjs
@react-native-assets-registry@0.73.1,v0.73.1,v0.73.1,f6b7243d2ae7c8d7fe690da8f9a922df844061d3,
evp_bytestokey@1.0.3,v1.0.3,v1.0.3,5b83312539cf4d21989e99562c09ba32a65070c8,https://github.com/crypto-browserify/EVP_BytesToKey
@react-native-virtualized-lists@0.73.4,v0.73.4,v0.73.4,36a4a2450144228e8a3ccc63541428751a7e4555,
antlr4@4.8.0,4.13.2-28-g09d527fdd,,09d527fddd8dcd3733d7275cf3436a1a9e1e12db,https://github.com/antlr/antlr4
@cspell-dict-aws@4.0.10,@cspell/dict-cspell-bundle@2.0.4,@cspell/dict-cspell-bundle@2.0.4,8fa16dbdc0421ae65170dfc5fa9f465d9d0c66af,https://github.com/streetsidesoftware/cspell-dicts
@webassemblyjs-ieee754@1.11.1,v1.11.1,v1.11.1,3f07e2db2031afe0ce686630418c542938c1674b,https://github.com/xtuc/webassemblyjs
hermes-parser@0.22.0,hermes-2025-05-06-RNv0.80.0-4eb6132a5bf0450bf4c6c91987675381d7ac8bca-19-g0760c58ac,,0760c58acf668f58eb909f7b8efa2b7fc2ff10d1,https://github.com/facebook/hermes
@webassemblyjs-helper-api-error@1.11.1,v1.11.1,v1.11.1,3f07e2db2031afe0ce686630418c542938c1674b,https://github.com/xtuc/webassemblyjs
utf-8-validate@latest,v6.0.5-5-gcd2d3ee,,cd2d3ee5b61544fdc6c921c6376d0049a0fe6d98,https://github.com/websockets/utf-8-validate
turbo-linux-64@1.1.2,v1.1.2,v1.1.2,52906aba7316bfeabf28a5ab9ceccb739b793fb3,https://github.com/vercel/turborepo
@aws-amplify-api@5.4.13,@aws-amplify/adapter-nextjs@1.6.3-2-g936c0f79f,,936c0f79f061a14b239695f3aa2222d4fb9ac028,
@viz-js-viz@3.11.0,release-viz-3.12.0-4-g8353749,,83537497b3e621d76bdcc7836d237cbf8f83a156,
tree-sitter-python@0.21.0,v0.21.0,v0.21.0,0f9047c857ed0990931b1f899c7d3bf403703147,https://github.com/tree-sitter/tree-sitter-python
@cspell-dict-kotlin@1.1.0,@cspell/dict-cspell-bundle@2.0.4,@cspell/dict-cspell-bundle@2.0.4,8fa16dbdc0421ae65170dfc5fa9f465d9d0c66af,https://github.com/streetsidesoftware/cspell-dicts
nan@2.15.0,v2.15.0,v2.15.0,8502c2417b9c1d0ea86c1e0aea6e975d26bf682b,https://github.com/nodejs/nan
web-tree-sitter@0.24.7,v0.24.7,v0.24.7,5e8760bf462ce7b19b3d2396d5b7860f3906a297,https://github.com/tree-sitter/tree-sitter
pid-cwd@1.2.0,v1.2.0,v1.2.0,2343dfd7aa78166cc4f99b784a79a83dba6f416f,https://github.com/NeekSandhu/pid-cwd
es-module-lexer@1.4.1,1.4.1,1.4.1,c357368bd4681011bc938ec54d48b2c6a969672b,https://github.com/guybedford/es-module-lexer
@cspell-dict-monkeyc@1.0.10,@cspell/dict-cspell-bundle@2.0.4,@cspell/dict-cspell-bundle@2.0.4,8fa16dbdc0421ae65170dfc5fa9f465d9d0c66af,https://github.com/streetsidesoftware/cspell-dicts
@cspell-cspell-service-bus@8.19.3,v8.19.3,v8.19.3,cb6946b709da590d0c6175f9962799d18aa43e93,https://github.com/streetsidesoftware/cspell
@aws-amplify-notifications@1.6.14,@aws-amplify/adapter-nextjs@1.6.3-2-g936c0f79f,,936c0f79f061a14b239695f3aa2222d4fb9ac028,
es-module-lexer@0.9.3,0.9.3,0.9.3,dfe27f1c75ef95d79652c9bf5cc3e5527f13d88d,https://github.com/guybedford/es-module-lexer
@azure-msal-common@14.7.0,msal-angular-v4.0.12-13-g2a979a886,,2a979a886ff80b97e35e36fc8cd27eafdf3752ea,https://github.com/AzureAD/microsoft-authentication-library-for-js
node-addon-api@2.0.0,2.0.0,2.0.0,f677794b31876c7b235e69b3a636b59310b2d5c0,https://github.com/nodejs/node-addon-api
@webassemblyjs-wasm-parser@1.14.1,v1.14.1,v1.14.1,25d52b1296e151ac56244a7c3886661e6b4a69ea,https://github.com/xtuc/webassemblyjs
turbo-darwin-arm64@latest,turbopack-240801.2-1005-gc0c234f090,,c0c234f090a66da463aad0651cac340ea077ff5b,https://github.com/vercel/turborepo
react@18.3.1,v18.3.1,v18.3.1,f1338f8080abd1386454a10bbf93d67bfe37ce85,https://github.com/facebook/react
@webassemblyjs-wasm-opt@1.11.1,v1.11.1,v1.11.1,3f07e2db2031afe0ce686630418c542938c1674b,https://github.com/xtuc/webassemblyjs
hermes-estree@0.15.0,hermes-2025-05-06-RNv0.80.0-4eb6132a5bf0450bf4c6c91987675381d7ac8bca-19-g0760c58ac,,0760c58acf668f58eb909f7b8efa2b7fc2ff10d1,https://github.com/facebook/hermes
utf-8-validate@5.0.5,v5.0.5,v5.0.5,d45089ad7c78cb7df09983c20ac77fbc92b21bcd,https://github.com/websockets/utf-8-validate
@azure-msal-browser@4.2.1,msal-angular-v4.0.12-13-g2a979a886,,2a979a886ff80b97e35e36fc8cd27eafdf3752ea,https://github.com/AzureAD/microsoft-authentication-library-for-js
vscode-textmate@4.4.0,v4.4.0,v4.4.0,8961b1554acbb649bdce0d236ab0fd78180447af,https://github.com/microsoft/vscode-textmate
drivelist@11.1.0,v11.1.0,v11.1.0,a4e7419de59894e7fc9ac5b622b7352bb9a92027,https://github.com/balena-io-modules/drivelist
cpu-features@0.0.5,v0.0.5,v0.0.5,772b6b35ccab946bc368ded1e6b6f1f389589902,https://github.com/mscdex/cpu-features
@azure-msal-common@15.4.0,msal-angular-v4.0.12-13-g2a979a886,,2a979a886ff80b97e35e36fc8cd27eafdf3752ea,https://github.com/AzureAD/microsoft-authentication-library-for-js
draco3d@1.5.7,1.5.7,1.5.7,8786740086a9f4d83f44aa83badfbea4dce7a1b5,https://github.com/google/draco
react-is@17.0.2,v17.0.2,v17.0.2,12adaffef7105e2714f82651ea51936c563fe15c,https://github.com/facebook/react
fsevents@latest,v2.3.3,v2.3.3,2db891e51aa0f2975c5eaaf6aa30f13d720a830a,https://github.com/fsevents/fsevents
@react-native-babel-preset@0.73.21,v0.54.0-rc.2-24195-ga4c20070689,,a4c20070689ee137891a9f6f8ecc92d0f56b13ef,
node-addon-api@4.3.0,v4.3.0,v4.3.0,133e13d0d51e5e4bc75295b9bad07d0483da178d,https://github.com/nodejs/node-addon-api
@webassemblyjs-floating-point-hex-parser@1.11.1,v1.11.1,v1.11.1,3f07e2db2031afe0ce686630418c542938c1674b,https://github.com/xtuc/webassemblyjs
@webassemblyjs-helper-wasm-section@1.12.1,v1.12.1,v1.12.1,67c75cf2da65e5588b5e81c10b0d7692d174760b,https://github.com/xtuc/webassemblyjs
keccak@3.0.4,v3.0.4,v3.0.4,a048e85d21b7d727ee298ba42b01ffd454222d23,https://github.com/cryptocoinjs/keccak
@trufflesuite-bigint-buffer@1.1.10,v1.1.5-22-gd972226,,d9722267883d4452e59ad064dbc94e8b8d016a85,https://github.com/trufflesuite/bigint-buffer
@jscpd-core@3.3.17,v3.3.17,v3.3.17,d536e882e1a80f3b2abaf0243b94c3080fe99939,https://github.com/kucherenko/jscpd
playwright@1.15.0,v1.15.0,v1.15.0,d379db5ae0c6d20f9026dfa06639d9b906f909e0,https://github.com/Microsoft/playwright
@cspell-dict-filetypes@3.0.11,@cspell/dict-cspell-bundle@2.0.4,@cspell/dict-cspell-bundle@2.0.4,8fa16dbdc0421ae65170dfc5fa9f465d9d0c66af,https://github.com/streetsidesoftware/cspell-dicts
@aws-amplify-storage@5.9.14,@aws-amplify/adapter-nextjs@1.6.3-2-g936c0f79f,,936c0f79f061a14b239695f3aa2222d4fb9ac028,
@parcel-watcher@latest,v2.5.1-1-g119f1ff,,119f1ff04bb41c2369929e37274900c61b0a9f49,https://github.com/parcel-bundler/watcher
@parcel-watcher-darwin-x64@latest,v2.5.1-1-g119f1ff,,119f1ff04bb41c2369929e37274900c61b0a9f49,https://github.com/parcel-bundler/watcher
@cspell-dict-en-gb@1.1.33,@cspell/dict-cspell-bundle@2.0.4,@cspell/dict-cspell-bundle@2.0.4,8fa16dbdc0421ae65170dfc5fa9f465d9d0c66af,https://github.com/streetsidesoftware/cspell-dicts
canvas@latest,v3.1.0-8-g1234a86,,1234a86f65b2318906334ce0790cd12401c67a25,https://github.com/Automattic/node-canvas
httpsnippet@3.0.1,3.0.1,3.0.1,a0c0933cf51671ff9d9a56c66e9df627c2b98205,https://github.com/Kong/httpsnippet
windows-foreground-love@latest,0.5.0-2-g856e24c,,856e24cf484121d71fa9913ce07eab8ec0a34ad0,https://github.com/the-ress/node-windows-foreground-love
@react-native-gradle-plugin@0.73.4,v0.73.4,v0.73.4,36a4a2450144228e8a3ccc63541428751a7e4555,
scheduler@0.24.0-canary-efb381bbf-20230505,v19.1.0-262-gb07717d857,,b07717d857422af5fb1c2ee0930e5a2a62df2b0e,https://github.com/facebook/react
native-watchdog@latest,v1.4.1-6-g1c57575,,1c57575e298ab256bc07ecb8191e5b4458d749e6,https://github.com/Microsoft/node-native-watchdog
turbo@1.1.2,v1.1.2,v1.1.2,52906aba7316bfeabf28a5ab9ceccb739b793fb3,https://github.com/vercel/turborepo
react-dom@15.6.2,v15.6.2,v15.6.2,ffbc2db0e7860ee1a96511578235dec7eaccc8d3,https://github.com/facebook/react
@serialport-parser-byte-length@13.0.0,v13.0.0,v13.0.0,701ffd844f0950164da4dda4dca57e94891177a9,https://github.com/serialport/node-serialport
scheduler@0.21.0,v19.1.0-263-g5717f1933f,,5717f1933f2e8b10406fde1043c3047cbfbddc82,https://github.com/facebook/react
ssh2@0.8.2,v0.8.2,v0.8.2,706906a026df10a3b0505b54572b7022627c26d0,https://github.com/mscdex/ssh2
@serialport-parser-ready@10.3.0,v10.3.0,v10.3.0,ceba41c8f89d911de210f2513aaae85fff3ab457,https://github.com/serialport/node-serialport
@serialport-stream@10.3.0,v10.3.0,v10.3.0,ceba41c8f89d911de210f2513aaae85fff3ab457,https://github.com/serialport/node-serialport
react@15.4.2,v15.4.2,v15.4.2,03464f06d2efd1f736e04f3b5648eabe07c69904,https://github.com/facebook/react
node-gyp@10.2.0,v10.2.0,v10.2.0,08c91d08adfcf1f24e7ff3e14b454da27bb6be25,https://github.com/nodejs/node-gyp
node-window-manager@2.2.3,v2.2.0-11-g2c0329c,,2c0329cc5e584aee244240c492e948ef8c5fb3bb,https://github.com/sentialx/node-window-manager
@cspell-dict-makefile@1.0.4,@cspell/dict-cspell-bundle@2.0.4,@cspell/dict-cspell-bundle@2.0.4,8fa16dbdc0421ae65170dfc5fa9f465d9d0c66af,https://github.com/streetsidesoftware/cspell-dicts
cspell-gitignore@8.19.3,v8.19.3,v8.19.3,cb6946b709da590d0c6175f9962799d18aa43e93,https://github.com/streetsidesoftware/cspell
jscpd@3.3.26,v3.3.26,v3.3.26,f7fcedcd93b38c066f75ee239cb706f726b16652,https://github.com/kucherenko/jscpd
tree-sitter-rust@0.20.1,v0.20.1,v0.20.1,a250c4582510ff34767ec3b7dcdd3c24e8c8aa68,https://github.com/tree-sitter/tree-sitter-rust
@serialport-parser-inter-byte-timeout@10.3.0,v10.3.0,v10.3.0,ceba41c8f89d911de210f2513aaae85fff3ab457,https://github.com/serialport/node-serialport
cjs-module-lexer@1.2.2,1.2.2,1.2.2,a96e7b52b99d39fee25d69f356905161d14a15ed,https://github.com/nodejs/cjs-module-lexer
@azure-msal-browser@4.7.0,msal-angular-v4.0.12-13-g2a979a886,,2a979a886ff80b97e35e36fc8cd27eafdf3752ea,https://github.com/AzureAD/microsoft-authentication-library-for-js
expo-asset@latest,8325a59be5,,8325a59be5e5ec94c11521311e08f4cef82c5670,https://github.com/expo/expo
@tootallnate-quickjs-emscripten@latest,v0.31.0-3-gaa48b61,,aa48b619983f02c5691d989c0771a3421178ce4b,https://github.com/justjake/quickjs-emscripten
@react-native-js-polyfills@0.75.0,v0.75.0,v0.75.0,89cdc14c8bcccb8506cee82056dca6febb1a7281,
canvas@2.11.2,v2.11.2,v2.11.2,38e0a3285a6e005e02a6505f3fc2809d0484e43b,https://github.com/Automattic/node-canvas
@aws-amplify-cache@5.1.19,@aws-amplify/adapter-nextjs@1.6.3-2-g936c0f79f,,936c0f79f061a14b239695f3aa2222d4fb9ac028,
react@15.6.2,v15.6.2,v15.6.2,ffbc2db0e7860ee1a96511578235dec7eaccc8d3,https://github.com/facebook/react
@azure-msal-common@15.1.1,msal-angular-v4.0.12-13-g2a979a886,,2a979a886ff80b97e35e36fc8cd27eafdf3752ea,https://github.com/AzureAD/microsoft-authentication-library-for-js
antlr4@4.7.1,4.7.1,4.7.1,bdc05c87be2ad981744223df0fd745e8345baba9,https://github.com/antlr/antlr4
@cspell-url@8.19.3,v8.19.3,v8.19.3,cb6946b709da590d0c6175f9962799d18aa43e93,https://github.com/streetsidesoftware/cspell
uuid@2.0.1,v2.0.1,v2.0.1,ddaf90942095f26ee8c1961b4346f093b3e7eb5b,https://github.com/shtylman/node-uuid
fb-watchman@2.0.1,v2025.05.26.00-5-g2a61e8109,,2a61e8109ca9e74f4b663a8f0c64bb88bf69a9c6,https://github.com/facebook/watchman
nan@2.22.2,v2.22.2,v2.22.2,3bf886345aa9be3ae2ee73068906de1a6f2c51a3,https://github.com/nodejs/nan
use-sync-external-store@1.5.0,v19.1.0-263-g5717f1933f,,5717f1933f2e8b10406fde1043c3047cbfbddc82,https://github.com/facebook/react
react-dom@15.4.2,v15.4.2,v15.4.2,03464f06d2efd1f736e04f3b5648eabe07c69904,https://github.com/facebook/react
@webassemblyjs-helper-fsm@1.7.6,v1.7.6,v1.7.6,4c7ceb48896fc23cdee62bd8f87d24c4b69c90c9,https://github.com/xtuc/webassemblyjs
scheduler@0.23.0,v19.1.0-261-g283f87f083,,283f87f083f285c060582e1096cebed794d4b748,https://github.com/facebook/react
filament@1.53.1,v1.53.1,v1.53.1,7fc8e339e704e50dba191bf230f838170e0fb00f,https://github.com/google/filament
react-is@16.13.1,v16.13.1,v16.13.1,da834083cccb6ef942f701c6b6cecc78213196a8,https://github.com/facebook/react
@serialport-parser-cctalk@12.0.0,v12.0.0,v12.0.0,f7e7bd53f9578a26c4f44cc1949fef396dc064c7,https://github.com/serialport/node-serialport
cdt-gdb-adapter@0.0.19,v0.0.19,v0.0.19,2d2ae961827e621d571f18c2f5772065981502ae,https://github.com/eclipse-cdt-cloud/cdt-gdb-adapter
@aws-amplify-api-graphql@3.4.19,@aws-amplify/adapter-nextjs@1.6.3-2-g936c0f79f,,936c0f79f061a14b239695f3aa2222d4fb9ac028,
bser@2.1.1,v2025.05.26.00-4-g690dd889f,,690dd889feb0e270c120c13c2ff3ef2cee84563a,https://github.com/facebook/watchman
kerberos@2.1.0,v2.1.0,v2.1.0,446e040db3ce15e01e35c43ecdbd7382ab35f308,https://github.com/mongodb-js/kerberos
@azure-msal-browser@3.18.0,msal-angular-v4.0.12-13-g2a979a886,,2a979a886ff80b97e35e36fc8cd27eafdf3752ea,https://github.com/AzureAD/microsoft-authentication-library-for-js
antlr4-c3@1.1.16,1.1.16,1.1.16,aed460d30b1587ecc95e63a2fe1e586b01810fa5,https://github.com/mike-lischke/antlr4-c3
antlr4@4.13.2,4.13.2,4.13.2,cc82115a4e7f53d71d9d905caa2c2dfa4da58899,https://github.com/antlr/antlr4
@msgpackr-extract-msgpackr-extract-darwin-x64@latest,v3.0.3,v3.0.3,db8f5b97e7aaab0bcad95f10582915d417153689,
@webassemblyjs-helper-code-frame@1.7.6,v1.7.6,v1.7.6,4c7ceb48896fc23cdee62bd8f87d24c4b69c90c9,https://github.com/xtuc/webassemblyjs
@aws-amplify-pubsub@5.5.13,@aws-amplify/adapter-nextjs@1.6.3-2-g936c0f79f,,936c0f79f061a14b239695f3aa2222d4fb9ac028,
cpu-features@0.0.10,v0.0.10,v0.0.10,3fc76509be992e460878aad775ffbde5cfe1da36,https://github.com/mscdex/cpu-features
@cucumber-gherkin@28.0.0,go/v28.0.0,go/v28.0.0,858cb390669d2e91caa0361e31f46aa45f5f936c,https://github.com/cucumber/gherkin
react-devtools-core@4.28.5,v19.1.0-263-g5717f1933f,,5717f1933f2e8b10406fde1043c3047cbfbddc82,https://github.com/facebook/react
@napi-rs-canvas-linux-arm64-musl@latest,skia-5b8860c3-4-g05627f3,,05627f34909bd82e227c18309edabe6c085020ca,
es-module-lexer@latest,1.7.0,1.7.0,dceaab846b11fbd77b39056088a734d9f774b070,https://github.com/guybedford/es-module-lexer
secp256k1@4.0.3,v4.0.3,v4.0.3,f73cd3a2b95ec6f549a2feabfbf2b8f17b30dcc7,https://github.com/cryptocoinjs/secp256k1-node
zeromq@6.1.0,v6.1.0,v6.1.0,b28a42b0be543e6eb17843a5cdda8a07ef192707,https://github.com/zeromq/zeromq.js
tree-sitter@0.20.6,v0.20.6,v0.20.6,744d25924db0fad068fdb44cb05401dcf401967c,https://github.com/tree-sitter/node-tree-sitter
@azure-msal-common@15.6.0,msal-angular-v4.0.12,msal-angular-v4.0.12,36a9d5f1fe7bacbce393283483189b8fb0029a5d,https://github.com/AzureAD/microsoft-authentication-library-for-js
node-addon-api@3.1.0,3.1.0,3.1.0,1bdc7584cdea3c5761385c7c08a06e12d9852972,https://github.com/nodejs/node-addon-api
ssh2@latest,v1.16.0-3-gdd5510c,,dd5510c0888476e9eec205273732473fcce5adc6,https://github.com/mscdex/ssh2
@webassemblyjs-leb128@1.7.6,v1.7.6,v1.7.6,4c7ceb48896fc23cdee62bd8f87d24c4b69c90c9,https://github.com/xtuc/webassemblyjs
vscode-oniguruma@2.0.1,v2.0.1,v2.0.1,184a6e2d4603c5a31efc0a33f544be1545d9ec6b,https://github.com/microsoft/vscode-oniguruma
@cspell-dict-k8s@1.0.10,@cspell/dict-cspell-bundle@2.0.4,@cspell/dict-cspell-bundle@2.0.4,8fa16dbdc0421ae65170dfc5fa9f465d9d0c66af,https://github.com/streetsidesoftware/cspell-dicts
@serialport-parser-delimiter@13.0.0,v13.0.0,v13.0.0,701ffd844f0950164da4dda4dca57e94891177a9,https://github.com/serialport/node-serialport
@webassemblyjs-utf8@latest,v1.14.1-1-gaf8e766c,,af8e766c26d36c34c3b84c975d3dea96dcf22197,https://github.com/xtuc/webassemblyjs
@aws-amplify-interactions@5.2.19,@aws-amplify/adapter-nextjs@1.6.3-2-g936c0f79f,,936c0f79f061a14b239695f3aa2222d4fb9ac028,
eslint-plugin-react-hooks@4.2.0,v19.1.0-263-g5717f1933f,,5717f1933f2e8b10406fde1043c3047cbfbddc82,https://github.com/facebook/react
tree-sitter-cli@0.20.8,v0.20.8,v0.20.8,0c49d6745b3fc4822ab02e0018770cd6383a779c,https://github.com/tree-sitter/tree-sitter
@msgpackr-extract-msgpackr-extract-linux-arm@latest,v3.0.3,v3.0.3,db8f5b97e7aaab0bcad95f10582915d417153689,
tree-sitter@0.21.1,v0.21.1,v0.21.1,bbdba663dc0b8487f1212524a83a7c39e8a5c3ca,https://github.com/tree-sitter/node-tree-sitter
meshoptimizer@0.21.0,v0.23-125-g69e70ec,,69e70ecc9a71c47bf0adbf1f5461536c79ca69d2,https://github.com/zeux/meshoptimizer
scheduler@latest,v19.1.0-263-g5717f1933f,,5717f1933f2e8b10406fde1043c3047cbfbddc82,https://github.com/facebook/react
keytar@7.7.0,v7.7.0,v7.7.0,af29cf0a17b33038c2c81fd7ed5806fff05c55e3,https://github.com/atom/node-keytar
vscode-textmate@5.5.0,v5.5.0,v5.5.0,f1d8408361172389e8b2e0fcd0498735a542dab4,https://github.com/microsoft/vscode-textmate
turbo-freebsd-64@latest,turbopack-240801.2-1005-gc0c234f090,,c0c234f090a66da463aad0651cac340ea077ff5b,https://github.com/vercel/turborepo
@cspell-dict-cpp@6.0.8,@cspell/dict-cspell-bundle@2.0.4,@cspell/dict-cspell-bundle@2.0.4,8fa16dbdc0421ae65170dfc5fa9f465d9d0c66af,https://github.com/streetsidesoftware/cspell-dicts
@azure-msal-node@3.5.1,msal-angular-v4.0.12-13-g2a979a886,,2a979a886ff80b97e35e36fc8cd27eafdf3752ea,https://github.com/AzureAD/microsoft-authentication-library-for-js
nan@2.17.0,v2.17.0,v2.17.0,def8ed551e30b8d4e72215b7cde8802d9f834e71,https://github.com/nodejs/nan
@webassemblyjs-ast@1.11.1,v1.11.1,v1.11.1,3f07e2db2031afe0ce686630418c542938c1674b,https://github.com/xtuc/webassemblyjs
@tootallnate-quickjs-emscripten@0.23.0,v0.23.0,v0.23.0,75fcb3fc27d4857207266ef9c621d93eb79b868d,https://github.com/justjake/quickjs-emscripten
@parcel-watcher-darwin-arm64@latest,v2.5.1-1-g119f1ff,,119f1ff04bb41c2369929e37274900c61b0a9f49,https://github.com/parcel-bundler/watcher
@serialport-parser-packet-length@13.0.0,v13.0.0,v13.0.0,701ffd844f0950164da4dda4dca57e94891177a9,https://github.com/serialport/node-serialport
@webassemblyjs-wast-printer@1.12.1,v1.12.1,v1.12.1,67c75cf2da65e5588b5e81c10b0d7692d174760b,https://github.com/xtuc/webassemblyjs
react-dom@18.3.1,v18.3.1,v18.3.1,f1338f8080abd1386454a10bbf93d67bfe37ce85,https://github.com/facebook/react
@napi-rs-canvas-linux-x64-gnu@0.1.65,v0.1.65,v0.1.65,e0e3269381b853fd6ae2993b9149acbbe9013eaa,
tweetnacl@latest,1.0.3-15-gce86a6a,,ce86a6a4ef649b9caa6eeb5aaf67b4d87d73fdf2,https://github.com/dchest/tweetnacl-js
nan@latest,v2.22.2-8-g5a9fcb8,,5a9fcb8f9db0a3de3f74f1fdacb5fe65f190307e,https://github.com/nodejs/nan
@webassemblyjs-wasm-edit@1.11.1,v1.11.1,v1.11.1,3f07e2db2031afe0ce686630418c542938c1674b,https://github.com/xtuc/webassemblyjs
vscode-textmate@9.2.0,v9.2.0,v9.2.0,f0f2a44b4c055b0e0fa3869e5de338efda5b7cf1,https://github.com/microsoft/vscode-textmate
@cspell-dict-svelte@1.0.6,@cspell/dict-cspell-bundle@2.0.4,@cspell/dict-cspell-bundle@2.0.4,8fa16dbdc0421ae65170dfc5fa9f465d9d0c66af,https://github.com/streetsidesoftware/cspell-dicts
msal@1.4.16,msal-angular-v4.0.12-13-g2a979a886,,2a979a886ff80b97e35e36fc8cd27eafdf3752ea,https://github.com/AzureAD/microsoft-authentication-library-for-js
@hpcc-js-wasm@1.18.0,v1.18.0,v1.18.0,8e0be0efaa7ef73dffbb0c5d8ccce144d74b4c0a,
utf-8-validate@6.0.3,v6.0.3,v6.0.3,ac283149c66cb025987bd1a583ee38751ad38db9,https://github.com/websockets/utf-8-validate
@webassemblyjs-wasm-edit@1.7.6,v1.7.6,v1.7.6,4c7ceb48896fc23cdee62bd8f87d24c4b69c90c9,https://github.com/xtuc/webassemblyjs
@mongodb-js-oidc-http-server-pages@1.1.4,@mongodb-js/mongodb-ts-autocomplete@0.2.2-3-ge7d6c70,,e7d6c706ec6b5c8aa51b86fc954570b5223960a0,
bufferutil@4.0.9,v4.0.9,v4.0.9,35e2eb6a14a8d58b87bc1f9ff2ddff67e2f1fa97,https://github.com/websockets/bufferutil
@serialport-parser-regex@13.0.0,v13.0.0,v13.0.0,701ffd844f0950164da4dda4dca57e94891177a9,https://github.com/serialport/node-serialport
@webassemblyjs-helper-wasm-section@1.7.6,v1.7.6,v1.7.6,4c7ceb48896fc23cdee62bd8f87d24c4b69c90c9,https://github.com/xtuc/webassemblyjs
babel-plugin-transform-flow-enums@0.0.2,v0.250.0-821-gfeb6073c8b,,feb6073c8b198a7d7d15b41292edd3cf8f7953ff,https://github.com/facebook/flow
@jscpd-html-reporter@latest,@jscpd/badge-reporter@4.0.1-86-ge8381ad,,e8381ad59d3b0b8d8699b3c3e63df8f5ba56161e,https://github.com/kucherenko/jscpd
prismjs@1.30.0,v1.30.0,v1.30.0,76dde18a575831c91491895193f56081ac08b0c5,https://github.com/PrismJS/prism
react-refresh@0.11.0,v0.11.0,v0.11.0,95d82cacd6e9cc6a2fe6366d79510cc9133886cb,https://github.com/facebook/react
@cspell-dict-npm@5.2.1,@cspell/dict-cspell-bundle@2.0.4,@cspell/dict-cspell-bundle@2.0.4,8fa16dbdc0421ae65170dfc5fa9f465d9d0c66af,https://github.com/streetsidesoftware/cspell-dicts
@webassemblyjs-floating-point-hex-parser@1.7.6,v1.7.6,v1.7.6,4c7ceb48896fc23cdee62bd8f87d24c4b69c90c9,https://github.com/xtuc/webassemblyjs
oniguruma@7.2.3,v7.2.3,v7.2.3,7f1648410b295abc172f3961da40778a91e33ec1,https://github.com/atom/node-oniguruma
cspell-grammar@8.19.3,v8.19.3,v8.19.3,cb6946b709da590d0c6175f9962799d18aa43e93,https://github.com/streetsidesoftware/cspell
bufferutil@4.0.3,v4.0.3,v4.0.3,a506f9b7473662f9daea3fbd5e08cfb8c9a685a3,https://github.com/websockets/bufferutil
node-pty@latest,v1.1.0-beta34,v1.1.0-beta34,d738123f1faf7287513b0df8b9e327be54702e94,https://github.com/microsoft/node-pty
secp256k1@3.8.0,v3.8.0,v3.8.0,47551dcb65dfff7e133d829cbfc367a09906bd01,https://github.com/cryptocoinjs/secp256k1-node
ssh2@1.11.0,v1.11.0,v1.11.0,fb1aa6f527a1a4460cc6e608722b5194bf7b1c33,https://github.com/mscdex/ssh2
@cspell-dict-cryptocurrencies@5.0.4,@cspell/dict-cspell-bundle@2.0.4,@cspell/dict-cspell-bundle@2.0.4,8fa16dbdc0421ae65170dfc5fa9f465d9d0c66af,https://github.com/streetsidesoftware/cspell-dicts
better-sqlite3@latest,v11.10.0-2-g395af82,,395af82b2ac76182d4667ac8474e8a6e7558d30e,https://github.com/WiseLibs/better-sqlite3
fibers@latest,v5.0.2,v5.0.2,4c9e83ee329a24e635845382940e1c3066714082,https://github.com/laverdet/node-fibers
turbo-linux-arm@latest,turbopack-240801.2-1005-gc0c234f090,,c0c234f090a66da463aad0651cac340ea077ff5b,https://github.com/vercel/turborepo
@azure-msal-browser@3.13.0,msal-angular-v4.0.12-13-g2a979a886,,2a979a886ff80b97e35e36fc8cd27eafdf3752ea,https://github.com/AzureAD/microsoft-authentication-library-for-js
@webassemblyjs-wasm-gen@1.11.1,v1.11.1,v1.11.1,3f07e2db2031afe0ce686630418c542938c1674b,https://github.com/xtuc/webassemblyjs
@azure-msal-node@3.3.0,msal-angular-v4.0.12-13-g2a979a886,,2a979a886ff80b97e35e36fc8cd27eafdf3752ea,https://github.com/AzureAD/microsoft-authentication-library-for-js
@serialport-parser-spacepacket@10.3.0,v10.3.0,v10.3.0,ceba41c8f89d911de210f2513aaae85fff3ab457,https://github.com/serialport/node-serialport
@webassemblyjs-helper-buffer@1.11.1,v1.11.1,v1.11.1,3f07e2db2031afe0ce686630418c542938c1674b,https://github.com/xtuc/webassemblyjs
react-is@18.3.1,v18.3.1,v18.3.1,f1338f8080abd1386454a10bbf93d67bfe37ce85,https://github.com/facebook/react
@cspell-dict-lorem-ipsum@4.0.4,@cspell/dict-cspell-bundle@2.0.4,@cspell/dict-cspell-bundle@2.0.4,8fa16dbdc0421ae65170dfc5fa9f465d9d0c66af,https://github.com/streetsidesoftware/cspell-dicts
react@16.14.0,0.14.10,0.14.10,4337c1c00609ec8d7ae399c736e9d37bb159fac5,https://github.com/facebook/react
@mongodb-js-mongodb-constants@0.10.4,@mongodb-js/mongodb-ts-autocomplete@0.2.2-3-ge7d6c70,,e7d6c706ec6b5c8aa51b86fc954570b5223960a0,
@serialport-parser-byte-length@12.0.0,v12.0.0,v12.0.0,f7e7bd53f9578a26c4f44cc1949fef396dc064c7,https://github.com/serialport/node-serialport
register-scheme@0.0.2,e7cc9a6,,e7cc9a63a1f512565da44cb57316d9fb10750e17,https://github.com/devsnek/node-register-scheme
utf-8-validate@6.0.4,v6.0.4,v6.0.4,8d159b34a470e2a2e31e9b4cfbdeb683912e2f69,https://github.com/websockets/utf-8-validate
@webassemblyjs-helper-fsm@latest,v1.14.1-1-gaf8e766c,,af8e766c26d36c34c3b84c975d3dea96dcf22197,https://github.com/xtuc/webassemblyjs
flow-parser@0.272.1,v0.272.1,v0.272.1,cc606e2a64a2cb0c5bc76f3c0eb26edd496d5bc8,https://github.com/facebook/flow
react@16.13.1,v16.13.1,v16.13.1,da834083cccb6ef942f701c6b6cecc78213196a8,https://github.com/facebook/react
@react-native-dev-middleware@0.73.8,v0.73.8,v0.73.8,c39538b79dbc7f84b536431ac2230d259f846e42,
fb-watchman@latest,v2025.05.26.00-5-g2a61e8109,,2a61e8109ca9e74f4b663a8f0c64bb88bf69a9c6,https://github.com/facebook/watchman
expo-gl@latest,8325a59be5,,8325a59be5e5ec94c11521311e08f4cef82c5670,https://github.com/expo/expo
react-refresh@0.14.2,v0.14.2,v0.14.2,5a2312c8e57a1263e4432103c6c6cde1dd88efca,https://github.com/facebook/react
@webassemblyjs-utf8@1.7.6,v1.7.6,v1.7.6,4c7ceb48896fc23cdee62bd8f87d24c4b69c90c9,https://github.com/xtuc/webassemblyjs
vscode@1.1.35,v14-68396-g063d60742bd,,063d60742bd21616121666de47ffb79dc12a5c98,https://github.com/Microsoft/vscode
@azure-msal-node@3.4.1,msal-angular-v4.0.12-13-g2a979a886,,2a979a886ff80b97e35e36fc8cd27eafdf3752ea,https://github.com/AzureAD/microsoft-authentication-library-for-js
tree-sitter-javascript@0.21.4,v0.21.4,v0.21.4,d767b1a276a4e80d7a6be30bada3070740ba4fa2,https://github.com/tree-sitter/tree-sitter-javascript
lightningcss@latest,v1.30.1,v1.30.1,f2dc67c4d3fe92f26693c02366db1e60cae0db27,https://github.com/parcel-bundler/lightningcss
abstract-socket@latest,v2.1.1,v2.1.1,b2c915ffb80ebfcc39fe9b87e92305523568b935,https://github.com/saghul/node-abstractsocket
@aws-amplify-auth@5.6.13,@aws-amplify/adapter-nextjs@1.6.3-2-g936c0f79f,,936c0f79f061a14b239695f3aa2222d4fb9ac028,
@webassemblyjs-wast-parser@latest,v1.14.1-1-gaf8e766c,,af8e766c26d36c34c3b84c975d3dea96dcf22197,https://github.com/xtuc/webassemblyjs
@cspell-dict-docker@1.1.13,@cspell/dict-cspell-bundle@2.0.4,@cspell/dict-cspell-bundle@2.0.4,8fa16dbdc0421ae65170dfc5fa9f465d9d0c66af,https://github.com/streetsidesoftware/cspell-dicts
node-forge@0.7.5,0.7.5,0.7.5,c3d63fbbee1e9f68108bd499ceaeb01b5800e95c,https://github.com/digitalbazaar/forge
tweetnacl@1.0.3,1.0.3,1.0.3,5bf1ff5fa15e89ae249401b0d5aa54c5c5955041,https://github.com/dchest/tweetnacl-js
tree-sitter-python@0.20.4,v0.20.4,v0.20.4,c01fb4e38587e959b9058b8cd34b9e6a3068c827,https://github.com/tree-sitter/tree-sitter-python
@vscode-sqlite3@latest,v5.1.8-vscode,v5.1.8-vscode,61db6fcfac21dcf9708a7e0e74e3a988f0134d11,https://github.com/microsoft/vscode-node-sqlite3
node-ps-data@1.4.1,v1.4.1,v1.4.1,a0dae7877228abda61690a63b231717ed6ef7d52,https://github.com/2kai2kai2/node-ps-data
@webassemblyjs-wasm-opt@1.12.1,v1.12.1,v1.12.1,67c75cf2da65e5588b5e81c10b0d7692d174760b,https://github.com/xtuc/webassemblyjs
zeromq@6.0.0-beta.16,v6.0.0-beta.16,v6.0.0-beta.16,47bb35c1941cb4fa8b510fb7da4d40b37cfa2e5f,https://github.com/zeromq/zeromq.js
httpsnippet@1.25.0,1.25.0,1.25.0,21fd9d5acc07a8d46a3ee0b3968c10d20e2114bf,https://github.com/Kong/httpsnippet
@cspell-dict-powershell@5.0.14,@cspell/dict-cspell-bundle@2.0.4,@cspell/dict-cspell-bundle@2.0.4,8fa16dbdc0421ae65170dfc5fa9f465d9d0c66af,https://github.com/streetsidesoftware/cspell-dicts
@parcel-watcher-linux-arm-musl@latest,v2.5.1-1-g119f1ff,,119f1ff04bb41c2369929e37274900c61b0a9f49,https://github.com/parcel-bundler/watcher
eslint-plugin-react-hooks@latest,v19.1.0-263-g5717f1933f,,5717f1933f2e8b10406fde1043c3047cbfbddc82,https://github.com/facebook/react
get-symbol-from-current-process-h@1.0.2,v1.0.2,v1.0.2,cfb1af7021b2767bfb704783c86e877e5b6b1252,https://github.com/node-ffi-napi/get-symbol-from-current-process-h
@react-native-js-polyfills@0.73.1,v0.73.1,v0.73.1,f6b7243d2ae7c8d7fe690da8f9a922df844061d3,
@webassemblyjs-wasm-parser@latest,v1.14.1-1-gaf8e766c,,af8e766c26d36c34c3b84c975d3dea96dcf22197,https://github.com/xtuc/webassemblyjs
turbo-darwin-64@latest,turbopack-240801.2-1005-gc0c234f090,,c0c234f090a66da463aad0651cac340ea077ff5b,https://github.com/vercel/turborepo
prismjs@latest,v1.29.0-303-gaeedf0ca,,aeedf0caf879d2d02892af5499b1157c9142d030,https://github.com/PrismJS/prism
@azure-msal-node@2.12.0,msal-angular-v4.0.12-13-g2a979a886,,2a979a886ff80b97e35e36fc8cd27eafdf3752ea,https://github.com/AzureAD/microsoft-authentication-library-for-js
native-keymap@latest,v3.3.5,v3.3.5,d0f4fb507bf5e3551775338db4732038060d5aef,https://github.com/Microsoft/node-native-keymap
@napi-rs-canvas-linux-arm-gnueabihf@latest,skia-5b8860c3-4-g05627f3,,05627f34909bd82e227c18309edabe6c085020ca,
scheduler@0.19.0,v19.1.0-262-gb07717d857,,b07717d857422af5fb1c2ee0930e5a2a62df2b0e,https://github.com/facebook/react
@react-native-babel-plugin-codegen@0.75.0,v0.75.0,v0.75.0,89cdc14c8bcccb8506cee82056dca6febb1a7281,
@webassemblyjs-helper-wasm-section@1.11.1,v1.11.1,v1.11.1,3f07e2db2031afe0ce686630418c542938c1674b,https://github.com/xtuc/webassemblyjs
secp256k1@4.0.4,v4.0.4,v4.0.4,756fce19036700a3fc421ba5a9520cd090d2b92a,https://github.com/cryptocoinjs/secp256k1-node
vscode-textmate@8.0.0,v9.2.0-1-gf03a6a8,,f03a6a8790af81372d0e81facae75554ec5e97ef,https://github.com/microsoft/vscode-textmate
@jscpd-finder@3.3.26,v3.3.26,v3.3.26,f7fcedcd93b38c066f75ee239cb706f726b16652,https://github.com/kucherenko/jscpd
mongodb-cloud-info@2.1.7,@mongodb-js/devtools-connect@3.7.2,@mongodb-js/devtools-connect@3.7.2,7c6900dcf68dd9c55e3f527c9b005c60f62c9d8b,https://github.com/mongodb-js/devtools-shared
aws-amplify@5.3.21,@aws-amplify/analytics@6.5.13,@aws-amplify/analytics@6.5.13,aaa8565827b699ff9690d32ddb8633d8f35cbb93,https://github.com/aws-amplify/amplify-js
react@17.0.2,v17.0.2,v17.0.2,12adaffef7105e2714f82651ea51936c563fe15c,https://github.com/facebook/react
flow-parser@0.206.0,v0.206.0,v0.206.0,fc230eb70591b5574aa62ca668b57a55237d4dca,https://github.com/facebook/flow
@tybys-oid@3.0.0,3b8a651,,3b8a6514bfbb8c9aa51753e3154c40bba7ba1e6b,https://github.com/toyobayashi/oid
@cspell-dict-dotnet@5.0.9,@cspell/dict-cspell-bundle@2.0.4,@cspell/dict-cspell-bundle@2.0.4,8fa16dbdc0421ae65170dfc5fa9f465d9d0c66af,https://github.com/streetsidesoftware/cspell-dicts
node-sass@latest,v9.0.0-4-g107ded94,,107ded9434cfca43dbd9dfbaeb5c349228bf5cee,https://github.com/sass/node-sass
@napi-rs-canvas@0.1.65,v0.1.65,v0.1.65,e0e3269381b853fd6ae2993b9149acbbe9013eaa,
@mongodb-js-zstd@latest,v2.0.1-1-geccaeac,,eccaeac2a861d039481d045c4147c9f6ca9a237a,
@mongodb-js-shell-bson-parser@1.2.2,@mongodb-js/mongodb-ts-autocomplete@0.2.2-3-ge7d6c70,,e7d6c706ec6b5c8aa51b86fc954570b5223960a0,
@azure-msal-common@9.0.2,msal-angular-v4.0.12-13-g2a979a886,,2a979a886ff80b97e35e36fc8cd27eafdf3752ea,https://github.com/AzureAD/microsoft-authentication-library-for-js
leveldown@5.6.0,v5.6.0,v5.6.0,0e332ee8ab92aecdc2fd9985ff8ba7bc46746ae0,https://github.com/Level/leveldown
@parcel-watcher@2.5.1,v2.5.1,v2.5.1,664695dbb2488d53f782c3e2b8791c4c114731fb,https://github.com/parcel-bundler/watcher
@cspell-cspell-pipe@8.19.3,v8.19.3,v8.19.3,cb6946b709da590d0c6175f9962799d18aa43e93,https://github.com/streetsidesoftware/cspell
use-sync-external-store@1.4.0,v19.1.0-262-gb07717d857,,b07717d857422af5fb1c2ee0930e5a2a62df2b0e,https://github.com/facebook/react
ssh2@1.6.0,v1.6.0,v1.6.0,257426b50555fde1ea7604f33cedfae7e56a6f21,https://github.com/mscdex/ssh2
bare-os@latest,v3.6.1,v3.6.1,b2dcff223cd6aa0f9dd99e6379c74df365aed9a9,https://github.com/holepunchto/bare-os
zlib@1.0.5,v1.0.5,v1.0.5,71beb998ed30f0a212430dcdebb7932489afc0cf,https://github.com/kkaefer/node-zlib
node-gyp@9.1.0,v9.1.0,v9.1.0,5f9d86d731af5f2efe1cdadc5461932e182dd9af,https://github.com/nodejs/node-gyp
node-gyp@10.1.0,v10.1.0,v10.1.0,f90ce122fe564be68368d0c0dec5dacd9e770233,https://github.com/nodejs/node-gyp
bare-os@3.6.1,v3.6.1,v3.6.1,b2dcff223cd6aa0f9dd99e6379c74df365aed9a9,https://github.com/holepunchto/bare-os
crc@3.4.4,v3.4.4,v3.4.4,360367e1ae930d8663679aff89bb79705947c08c,https://github.com/alexgorbatchev/node-crc
cspell@8.19.3,v8.19.3,v8.19.3,cb6946b709da590d0c6175f9962799d18aa43e93,https://github.com/streetsidesoftware/cspell
@webassemblyjs-helper-module-context@latest,v1.14.1-1-gaf8e766c,,af8e766c26d36c34c3b84c975d3dea96dcf22197,https://github.com/xtuc/webassemblyjs
react-is@16.8.6,v16.8.6,v16.8.6,487f4bf2ee7c86176637544c5473328f96ca0ba2,https://github.com/facebook/react
@azure-msal-node@2.16.2,msal-angular-v4.0.12-13-g2a979a886,,2a979a886ff80b97e35e36fc8cd27eafdf3752ea,https://github.com/AzureAD/microsoft-authentication-library-for-js
cspell-io@8.19.3,v8.19.3,v8.19.3,cb6946b709da590d0c6175f9962799d18aa43e93,https://github.com/streetsidesoftware/cspell
@webassemblyjs-helper-module-context@1.7.6,v1.7.6,v1.7.6,4c7ceb48896fc23cdee62bd8f87d24c4b69c90c9,https://github.com/xtuc/webassemblyjs
@serialport-parser-slip-encoder@12.0.0,v12.0.0,v12.0.0,f7e7bd53f9578a26c4f44cc1949fef396dc064c7,https://github.com/serialport/node-serialport
@webassemblyjs-wast-printer@1.7.6,v1.7.6,v1.7.6,4c7ceb48896fc23cdee62bd8f87d24c4b69c90c9,https://github.com/xtuc/webassemblyjs
@cspell-dict-sql@2.2.0,@cspell/dict-cspell-bundle@2.0.4,@cspell/dict-cspell-bundle@2.0.4,8fa16dbdc0421ae65170dfc5fa9f465d9d0c66af,https://github.com/streetsidesoftware/cspell-dicts
